date,open,high,low,close,volume
1781707051,0.005024204932237299,0.005024204932237299,0.005024204932237299,0.005024204932237299,0
1781734797,0.01,0.01,0.01,0.01,0
1781735097,0.01,0.01,0.01,0.01,0
1781735397,0.01,0.01,0.01,0.01,0
1781735697,0.01,0.01,0.01,0.01,0
1781736992,0.01,0.01,0.01,0.01,0
1781737292,0.01,0.01,0.01,0.01,0
1781737592,0.01,0.01,0.01,0.01,0
1781737892,0.01,0.01,0.01,0.01,0
1781738192,0.01,0.01,0.01,0.01,0
1781738492,0.01,0.01,0.01,0.01,0
1781738792,0.01,0.01,0.01,0.01,0
1781739092,0.01,0.01,0.01,0.01,0
1781739392,0.01,0.01,0.01,0.01,0
1781739692,0.01,0.01,0.01,0.01,0
1781739992,0.01,0.01,0.01,0.01,0
1781740292,0.01,0.01,0.01,0.01,0
1781740592,0.01,0.01,0.01,0.01,0
1781740892,0.01,0.01,0.01,0.01,0
1781741192,0.01,0.01,0.01,0.01,0
1781741492,0.01,0.01,0.01,0.01,0
1781741792,0.01,0.01,0.01,0.01,0
1781742092,0.01,0.01,0.01,0.01,0
1781742392,0.01,0.01,0.01,0.01,0
1781742692,0.01,0.01,0.01,0.01,0
1781742992,0.01,0.01,0.01,0.01,0
1781743292,0.01,0.01,0.01,0.01,0
1781743592,0.01,0.01,0.01,0.01,0
1781743892,0.01,0.01,0.01,0.01,0
1781744192,0.01,0.01,0.01,0.01,0
1781744492,0.01,0.01,0.01,0.01,0
1781744792,0.01,0.01,0.01,0.01,0
1781745092,0.01,0.01,0.01,0.01,0
1781745392,0.01,0.01,0.01,0.01,0
1781745692,0.01,0.01,0.01,0.01,0
1781745992,0.01,0.01,0.01,0.01,0
1781746292,0.01,0.01,0.01,0.01,0
1781746592,0.01,0.01,0.01,0.01,0
1781746892,0.01,0.01,0.01,0.01,0
1781747192,0.01,0.01,0.01,0.01,0
1781747492,0.01,0.01,0.01,0.01,0
1781747792,0.01,0.01,0.01,0.01,0
1781748092,0.01,0.01,0.01,0.01,0
1781748392,0.01,0.01,0.01,0.01,0
1781748692,0.01,0.01,0.01,0.01,0
1781748992,0.01,0.01,0.01,0.01,0
1781749292,0.01,0.01,0.01,0.01,0
1781749592,0.01,0.01,0.01,0.01,0
1781749892,0.01,0.01,0.01,0.01,0
1781750192,0.01,0.01,0.01,0.01,0
1781750492,0.01,0.01,0.01,0.01,0
1781750792,0.01,0.01,0.01,0.01,0
1781751092,0.01,0.01,0.01,0.01,0
1781751392,0.01,0.01,0.01,0.01,0
1781751692,0.01,0.01,0.01,0.01,0
1781751992,0.01,0.01,0.01,0.01,0
1781752292,0.01,0.01,0.01,0.01,0
1781752592,0.01,0.01,0.01,0.01,0
1781752892,0.01,0.01,0.01,0.01,0
1781753192,0.01,0.01,0.01,0.01,0
1781753492,0.01,0.01,0.01,0.01,0
1781753792,0.01,0.01,0.01,0.01,0
1781754092,0.01,0.01,0.01,0.01,0
1781754392,0.01,0.01,0.01,0.01,0
1781754692,0.01,0.01,0.01,0.01,0
1781754992,0.01,0.01,0.01,0.01,0
1781755292,0.01,0.01,0.01,0.01,0
1781755592,0.01,0.01,0.01,0.01,0
1781755892,0.01,0.01,0.01,0.01,0
1781756192,0.01,0.01,0.01,0.01,0
1781756492,0.01,0.01,0.01,0.01,0
1781756792,0.01,0.01,0.01,0.01,0
1781757092,0.01,0.01,0.01,0.01,0
1781757392,0.01,0.01,0.01,0.01,0
1781757692,0.01,0.01,0.01,0.01,0
1781757992,0.01,0.01,0.01,0.01,0
1781758292,0.01,0.01,0.01,0.01,0
1781758592,0.01,0.01,0.01,0.01,0
1781758892,0.01,0.01,0.01,0.01,0
1781759192,0.01,0.01,0.01,0.01,0
1781759492,0.01,0.01,0.01,0.01,0
1781759792,0.01,0.01,0.01,0.01,0
1781760092,0.01,0.01,0.01,0.01,0
1781760392,0.01,0.01,0.01,0.01,0
1781760692,0.01,0.01,0.01,0.01,0
1781760992,0.01,0.01,0.01,0.01,0
1781761292,0.01,0.01,0.01,0.01,0
1781761592,0.01,0.01,0.01,0.01,0
1781761892,0.01,0.01,0.01,0.01,0
1781762192,0.01,0.01,0.01,0.01,0
1781762492,0.01,0.01,0.01,0.01,0
1781762792,0.01,0.01,0.01,0.01,0
1781763092,0.01,0.01,0.01,0.01,0
1781763392,0.01,0.01,0.01,0.01,0
1781763692,0.01,0.01,0.01,0.01,0
1781763992,0.01,0.01,0.01,0.01,0
1781764292,0.01,0.01,0.01,0.01,0
1781764592,0.01,0.01,0.01,0.01,0
1781764892,0.01,0.01,0.01,0.01,0
1781765192,0.01,0.01,0.01,0.01,0
1781765492,0.01,0.01,0.01,0.01,0
1781765792,0.01,0.01,0.01,0.01,0
1781766092,0.01,0.01,0.01,0.01,0
1781766392,0.01,0.01,0.01,0.01,0
1781766692,0.01,0.01,0.01,0.01,0
1781766992,0.01,0.01,0.01,0.01,0
1781767292,0.01,0.01,0.01,0.01,0
1781767592,0.01,0.01,0.01,0.01,0
1781767892,0.01,0.01,0.01,0.01,0
1781768192,0.01,0.01,0.01,0.01,0
1781768492,0.01,0.01,0.01,0.01,0
1781768792,0.01,0.01,0.01,0.01,0
1781769092,0.01,0.01,0.01,0.01,0
1781769392,0.01,0.01,0.01,0.01,0
1781769692,0.01,0.01,0.01,0.01,0
1781769992,0.01,0.01,0.01,0.01,0
1781770292,0.01,0.01,0.01,0.01,0
1781770592,0.01,0.01,0.01,0.01,0
1781770892,0.01,0.01,0.01,0.01,0
1781771192,0.01,0.01,0.01,0.01,0
1781771492,0.01,0.01,0.01,0.01,0
1781771792,0.01,0.01,0.01,0.01,0
1781772092,0.01,0.01,0.01,0.01,0
1781772392,0.01,0.01,0.01,0.01,0
1781772692,0.01,0.01,0.01,0.01,0
1781772992,0.01,0.01,0.01,0.01,0
1781773292,0.01,0.01,0.01,0.01,0
1781773592,0.01,0.01,0.01,0.01,0
1781773892,0.01,0.01,0.01,0.01,0
1781774192,0.01,0.01,0.01,0.01,0
1781774492,0.01,0.01,0.01,0.01,0
1781774792,0.01,0.01,0.01,0.01,0
1781775092,0.01,0.01,0.01,0.01,0
1781775392,0.01,0.01,0.01,0.01,0
1781775692,0.01,0.01,0.01,0.01,0
1781775992,0.01,0.01,0.01,0.01,0
1781776292,0.01,0.01,0.01,0.01,0
1781776592,0.01,0.01,0.01,0.01,0
1781776892,0.01,0.01,0.01,0.01,0
1781777192,0.01,0.01,0.01,0.01,0
1781777492,0.01,0.01,0.01,0.01,0
1781777792,0.01,0.01,0.01,0.01,0
1781778092,0.01,0.01,0.01,0.01,0
1781778392,0.01,0.01,0.01,0.01,0
1781778692,0.01,0.01,0.01,0.01,0
1781778992,0.01,0.01,0.01,0.01,0
1781779292,0.01,0.01,0.01,0.01,0
1781779592,0.01,0.01,0.01,0.01,0
1781779892,0.01,0.01,0.01,0.01,0
1781780192,0.01,0.01,0.01,0.01,0
1781780492,0.01,0.01,0.01,0.01,0
1781780792,0.01,0.01,0.01,0.01,0
1781781092,0.01,0.01,0.01,0.01,0
1781781392,0.01,0.01,0.01,0.01,0
1781781692,0.01,0.01,0.01,0.01,0
1781781992,0.01,0.01,0.01,0.01,0
1781782292,0.01,0.01,0.01,0.01,0
1781782592,0.01,0.01,0.01,0.01,0
1781782892,0.01,0.01,0.01,0.01,0
1781783192,0.01,0.01,0.01,0.01,0
1781783492,0.01,0.01,0.01,0.01,0
1781783792,0.01,0.01,0.01,0.01,0
1781784092,0.01,0.01,0.01,0.01,0
1781784392,0.01,0.01,0.01,0.01,0
1781784692,0.01,0.01,0.01,0.01,0
1781784992,0.01,0.01,0.01,0.01,0
1781785292,0.01,0.01,0.01,0.01,0
1781785592,0.01,0.01,0.01,0.01,0
1781785892,0.01,0.01,0.01,0.01,0
1781786192,0.01,0.01,0.01,0.01,0
1781786492,0.01,0.01,0.01,0.01,0
1781786792,0.01,0.01,0.01,0.01,0
1781787092,0.01,0.01,0.01,0.01,0
1781787392,0.01,0.01,0.01,0.01,0
1781787692,0.01,0.01,0.01,0.01,0
1781787992,0.01,0.01,0.01,0.01,0
1781788292,0.01,0.01,0.01,0.01,0
1781788592,0.01,0.01,0.01,0.01,0
1781788892,0.01,0.01,0.01,0.01,0
1781789192,0.01,0.01,0.01,0.01,0
1781789492,0.01,0.01,0.01,0.01,0
1781789792,0.01,0.01,0.01,0.01,0
1781790092,0.01,0.01,0.01,0.01,0
1781790392,0.01,0.01,0.01,0.01,0
1781790692,0.01,0.01,0.01,0.01,0
1781790992,0.01,0.01,0.01,0.01,0
1781791292,0.01,0.01,0.01,0.01,0
1781791592,0.01,0.01,0.01,0.01,0
1781791892,0.01,0.01,0.01,0.01,0
1781792192,0.01,0.01,0.01,0.01,0
1781792492,0.01,0.01,0.01,0.01,0
1781792792,0.01,0.01,0.01,0.01,0
1781793092,0.01,0.01,0.01,0.01,0
1781793392,0.01,0.01,0.01,0.01,0
1781793692,0.01,0.01,0.01,0.01,0
1781793992,0.01,0.01,0.01,0.01,0
1781794292,0.01,0.01,0.01,0.01,0
1781794592,0.01,0.01,0.01,0.01,0
1781794892,0.01,0.01,0.01,0.01,0
1781795192,0.01,0.01,0.01,0.01,0
1781795492,0.01,0.01,0.01,0.01,0
1781795792,0.01,0.01,0.01,0.01,0
1781796092,0.01,0.01,0.01,0.01,0
1781796392,0.01,0.01,0.01,0.01,0
1781796692,0.01,0.01,0.01,0.01,0
1781796992,0.01,0.01,0.01,0.01,0
1781797292,0.01,0.01,0.01,0.01,0
1781797592,0.01,0.01,0.01,0.01,0
1781797892,0.01,0.01,0.01,0.01,0
1781798192,0.01,0.01,0.01,0.01,0
1781798492,0.01,0.01,0.01,0.01,0
1781798792,0.01,0.01,0.01,0.01,0
1781799092,0.01,0.01,0.01,0.01,0
1781799392,0.01,0.01,0.01,0.01,0
1781799692,0.01,0.01,0.01,0.01,0
1781799992,0.01,0.01,0.01,0.01,0
1781800292,0.01,0.01,0.01,0.01,0
1781800592,0.01,0.01,0.01,0.01,0
1781800892,0.01,0.01,0.01,0.01,0
1781801192,0.01,0.01,0.01,0.01,0
1781801492,0.01,0.01,0.01,0.01,0
1781801792,0.01,0.01,0.01,0.01,0
1781802092,0.01,0.01,0.01,0.01,0
1781802392,0.01,0.01,0.01,0.01,0
1781802692,0.01,0.01,0.01,0.01,0
1781802992,0.01,0.01,0.01,0.01,0
1781803292,0.01,0.01,0.01,0.01,0
1781803592,0.01,0.01,0.01,0.01,0
1781803892,0.01,0.01,0.01,0.01,0
1781804192,0.01,0.01,0.01,0.01,0
1781804492,0.01,0.01,0.01,0.01,0
1781804792,0.01,0.01,0.01,0.01,0
1781805092,0.01,0.01,0.01,0.01,0
1781805392,0.01,0.01,0.01,0.01,0
1781805692,0.01,0.01,0.01,0.01,0
1781805992,0.01,0.01,0.01,0.01,0
1781806292,0.01,0.01,0.01,0.01,0
1781806592,0.01,0.01,0.01,0.01,0
1781806892,0.01,0.01,0.01,0.01,0
1781807192,0.01,0.01,0.01,0.01,0
1781807492,0.01,0.01,0.01,0.01,0
1781807792,0.01,0.01,0.01,0.01,0
1781808092,0.01,0.01,0.01,0.01,0
1781808392,0.01,0.01,0.01,0.01,0
1781808692,0.01,0.01,0.01,0.01,0
1781808992,0.01,0.01,0.01,0.01,0
1781809292,0.01,0.01,0.01,0.01,0
1781809592,0.01,0.01,0.01,0.01,0
1781809892,0.01,0.01,0.01,0.01,0
1781810192,0.01,0.01,0.01,0.01,0
1781810492,0.01,0.01,0.01,0.01,0
1781810792,0.01,0.01,0.01,0.01,0
1781811092,0.01,0.01,0.01,0.01,0
1781811392,0.01,0.01,0.01,0.01,0
1781811692,0.01,0.01,0.01,0.01,0
1781811992,0.01,0.01,0.01,0.01,0
1781812292,0.01,0.01,0.01,0.01,0
1781812592,0.01,0.01,0.01,0.01,0
1781812892,0.01,0.01,0.01,0.01,0
1781813192,0.01,0.01,0.01,0.01,0
1781813492,0.01,0.01,0.01,0.01,0
1781813792,0.01,0.01,0.01,0.01,0
1781814092,0.01,0.01,0.01,0.01,0
1781814392,0.01,0.01,0.01,0.01,0
1781814692,0.01,0.01,0.01,0.01,0
1781814992,0.01,0.01,0.01,0.01,0
1781815292,0.01,0.01,0.01,0.01,0
1781815592,0.01,0.01,0.01,0.01,0
1781815892,0.01,0.01,0.01,0.01,0
1781816192,0.01,0.01,0.01,0.01,0
1781816492,0.01,0.01,0.01,0.01,0
1781816792,0.01,0.01,0.01,0.01,0
1781817092,0.01,0.01,0.01,0.01,0
1781817392,0.01,0.01,0.01,0.01,0
1781817692,0.01,0.01,0.01,0.01,0
1781817992,0.01,0.01,0.01,0.01,0
1781818292,0.01,0.01,0.01,0.01,0
1781818592,0.01,0.01,0.01,0.01,0
1781818892,0.01,0.01,0.01,0.01,0
1781819192,0.01,0.01,0.01,0.01,0
1781819492,0.01,0.01,0.01,0.01,0
1781819792,0.01,0.01,0.01,0.01,0
1781820092,0.01,0.01,0.01,0.01,0
1781820392,0.01,0.01,0.01,0.01,0
1781820692,0.01,0.01,0.01,0.01,0
1781820992,0.01,0.01,0.01,0.01,0
1781821292,0.01,0.01,0.01,0.01,0
1781821592,0.01,0.01,0.01,0.01,0
1781821892,0.01,0.01,0.01,0.01,0
1781822192,0.01,0.01,0.01,0.01,0
1781822492,0.01,0.01,0.01,0.01,0
1781822792,0.01,0.01,0.01,0.01,0
1781823092,0.01,0.01,0.01,0.01,0
1781823392,0.01,0.01,0.01,0.01,0
1781823692,0.01,0.01,0.01,0.01,0
1781823992,0.01,0.01,0.01,0.01,0
1781824292,0.01,0.01,0.01,0.01,0
1781824592,0.01,0.01,0.01,0.01,0
1781824892,0.01,0.01,0.01,0.01,0
1781825192,0.01,0.01,0.01,0.01,0
1781825492,0.01,0.01,0.01,0.01,0
1781825792,0.01,0.01,0.01,0.01,0
1781826092,0.01,0.01,0.01,0.01,0
1781826392,0.01,0.01,0.01,0.01,0
1781826692,0.01,0.01,0.01,0.01,0
1781826992,0.01,0.01,0.01,0.01,0
1781827292,0.01,0.01,0.01,0.01,0
1781827592,0.01,0.01,0.01,0.01,0
1781827892,0.01,0.01,0.01,0.01,0
1781828192,0.01,0.01,0.01,0.01,0
1781828492,0.01,0.01,0.01,0.01,0
1781828792,0.01,0.01,0.01,0.01,0
1781829092,0.01,0.01,0.01,0.01,0
1781829392,0.01,0.01,0.01,0.01,0
1781829692,0.01,0.01,0.01,0.01,0
1781829992,0.01,0.01,0.01,0.01,0
1781830292,0.01,0.01,0.01,0.01,0
1781830592,0.01,0.01,0.01,0.01,0
1781830892,0.01,0.01,0.01,0.01,0
1781831192,0.01,0.01,0.01,0.01,0
1781831492,0.01,0.01,0.01,0.01,0
1781831792,0.01,0.01,0.01,0.01,0
1781832092,0.01,0.01,0.01,0.01,0
1781832392,0.01,0.01,0.01,0.01,0
1781832692,0.01,0.01,0.01,0.01,0
1781832992,0.01,0.01,0.01,0.01,0
1781833292,0.01,0.01,0.01,0.01,0
1781833592,0.01,0.01,0.01,0.01,0
1781833892,0.01,0.01,0.01,0.01,0
1781834192,0.01,0.01,0.01,0.01,0
1781834492,0.01,0.01,0.01,0.01,0
1781834792,0.01,0.01,0.01,0.01,0
1781835092,0.01,0.01,0.01,0.01,0
1781835392,0.01,0.01,0.01,0.01,0
1781835692,0.01,0.01,0.01,0.01,0
1781835992,0.01,0.01,0.01,0.01,0
1781836292,0.01,0.01,0.01,0.01,0
1781836592,0.01,0.01,0.01,0.01,0
1781836892,0.01,0.01,0.01,0.01,0
1781837192,0.01,0.01,0.01,0.01,0
1781837492,0.01,0.01,0.01,0.01,0
1781837792,0.01,0.01,0.01,0.01,0
1781838092,0.01,0.01,0.01,0.01,0
1781838392,0.01,0.01,0.01,0.01,0
1781838692,0.01,0.01,0.01,0.01,0
1781838992,0.01,0.01,0.01,0.01,0
1781839292,0.01,0.01,0.01,0.01,0
1781839592,0.01,0.01,0.01,0.01,0
1781839892,0.01,0.01,0.01,0.01,0
1781840192,0.01,0.01,0.01,0.01,0
1781840492,0.01,0.01,0.01,0.01,0
1781840792,0.01,0.01,0.01,0.01,0
1781841092,0.01,0.01,0.01,0.01,0
1781841392,0.01,0.01,0.01,0.01,0
1781841692,0.01,0.01,0.01,0.01,0
1781841992,0.01,0.01,0.01,0.01,0
1781842292,0.01,0.01,0.01,0.01,0
1781842592,0.01,0.01,0.01,0.01,0
1781842892,0.01,0.01,0.01,0.01,0
1781843192,0.01,0.01,0.01,0.01,0
1781843492,0.01,0.01,0.01,0.01,0
1781843792,0.01,0.01,0.01,0.01,0
1781844092,0.01,0.01,0.01,0.01,0
1781844392,0.01,0.01,0.01,0.01,0
1781844692,0.01,0.01,0.01,0.01,0
1781844992,0.01,0.01,0.01,0.01,0
1781845292,0.01,0.01,0.01,0.01,0
1781845592,0.01,0.01,0.01,0.01,0
1781845892,0.01,0.01,0.01,0.01,0
1781846192,0.01,0.01,0.01,0.01,0
1781846492,0.01,0.01,0.01,0.01,0
1781846792,0.01,0.01,0.01,0.01,0
1781847092,0.01,0.01,0.01,0.01,0
1781847392,0.01,0.01,0.01,0.01,0
1781847692,0.01,0.01,0.01,0.01,0
1781847992,0.01,0.01,0.01,0.01,0
1781848292,0.01,0.01,0.01,0.01,0
1781848592,0.01,0.01,0.01,0.01,0
1781848892,0.01,0.01,0.01,0.01,0
1781849192,0.01,0.01,0.01,0.01,0
1781849492,0.01,0.01,0.01,0.01,0
1781849792,0.01,0.01,0.01,0.01,0
1781850092,0.01,0.01,0.01,0.01,0
1781850392,0.01,0.01,0.01,0.01,0
1781850692,0.01,0.01,0.01,0.01,0
1781850992,0.01,0.01,0.01,0.01,0
1781851292,0.01,0.01,0.01,0.01,0
1781851592,0.01,0.01,0.01,0.01,0
1781851892,0.01,0.01,0.01,0.01,0
1781852192,0.01,0.01,0.01,0.01,0
1781852492,0.01,0.01,0.01,0.01,0
1781852628,0.01,0.01,0.01,0.01,0
1781852928,0.01,0.01,0.01,0.01,0
1781853228,0.01,0.01,0.01,0.01,0
1781853528,0.01,0.01,0.01,0.01,0
1781853828,0.01,0.01,0.01,0.01,0
1781854128,0.01,0.01,0.01,0.01,0
1781854428,0.01,0.01,0.01,0.01,0
1781854728,0.01,0.01,0.01,0.01,0
1781855028,0.01,0.01,0.01,0.01,0
1781855328,0.01,0.01,0.01,0.01,0
1781855628,0.01,0.01,0.01,0.01,0
1781855928,0.01,0.01,0.01,0.01,0
1781856228,0.01,0.01,0.01,0.01,0
1781856528,0.01,0.01,0.01,0.01,0
1781856828,0.01,0.01,0.01,0.01,0
1781857128,0.01,0.01,0.01,0.01,0
1781857428,0.01,0.01,0.01,0.01,0
1781857728,0.01,0.01,0.01,0.01,0
1781858028,0.01,0.01,0.01,0.01,0
1781858328,0.01,0.01,0.01,0.01,0
1781858628,0.01,0.01,0.01,0.01,0
1781858928,0.01,0.01,0.01,0.01,0
1781859228,0.01,0.01,0.01,0.01,0
1781859528,0.01,0.01,0.01,0.01,0
1781859828,0.01,0.01,0.01,0.01,0
1781860128,0.01,0.01,0.01,0.01,0
1781860428,0.01,0.01,0.01,0.01,0
1781860728,0.01,0.01,0.01,0.01,0
1781861028,0.0099775973,0.0099775973,0.0099775973,0.0099775973,0
1781861328,0.0099275037,0.0099275037,0.0099275037,0.0099275037,0
1781861628,0.0098473937,0.0098473937,0.0098473937,0.0098473937,0
1781861928,0.0097609276,0.0097609276,0.0097609276,0.0097609276,0
1781862097,0.0096892461,0.0096892461,0.0096892461,0.0096892461,0
1781862397,0.0096536115,0.0096536115,0.0096536115,0.0096536115,0
1781862697,0.0094720756,0.0094720756,0.0094720756,0.0094720756,0
1781862997,0.0092725226,0.0092725226,0.0092725226,0.0092725226,0
1781863297,0.0091587536,0.0091587536,0.0091587536,0.0091587536,0
1781863355,0.0091508657,0.0091508657,0.0091508657,0.0091508657,0
1781863655,0.0091078043,0.0091078043,0.0091078043,0.0091078043,0
1781863932,0.0091396523,0.0091396523,0.0091396523,0.0091396523,0
1781864232,0.0091851134,0.0091851134,0.0091851134,0.0091851134,0
1781864532,0.009124991,0.009124991,0.009124991,0.009124991,0
1781864832,0.009159699,0.009159699,0.009159699,0.009159699,0
1781865132,0.0091446761,0.0091446761,0.0091446761,0.0091446761,0
1781865341,0.0091477285,0.0091477285,0.0091477285,0.0091477285,0
1781865641,0.0091731294,0.0091731294,0.0091731294,0.0091731294,0
1781865941,0.0092563163,0.0092563163,0.0092563163,0.0092563163,0
1781866241,0.0093768646,0.0093768646,0.0093768646,0.0093768646,0
1781866541,0.0095318793,0.0095318793,0.0095318793,0.0095318793,0
1781866841,0.0097004108,0.0097004108,0.0097004108,0.0097004108,0
1781867141,0.0098750862,0.0098750862,0.0098750862,0.0098750862,0
1781867441,0.0099412986,0.0099412986,0.0099412986,0.0099412986,0
1781867741,0.01,0.01,0.01,0.01,0
1781868041,0.01,0.01,0.01,0.01,0
1781868341,0.01,0.01,0.01,0.01,0
1781868641,0.01,0.01,0.01,0.01,0
1781868941,0.01,0.01,0.01,0.01,0
1781869241,0.01,0.01,0.01,0.01,0
1781869541,0.01,0.01,0.01,0.01,0
1781869841,0.01,0.01,0.01,0.01,0
1781870141,0.01,0.01,0.01,0.01,0
1781870441,0.01,0.01,0.01,0.01,0
1781870741,0.01,0.01,0.01,0.01,0
1781871041,0.01,0.01,0.01,0.01,0
1781871341,0.01,0.01,0.01,0.01,0
1781871641,0.01,0.01,0.01,0.01,0
1781871941,0.01,0.01,0.01,0.01,0
1781872241,0.01,0.01,0.01,0.01,0
1781872541,0.01,0.01,0.01,0.01,0
1781872841,0.01,0.01,0.01,0.01,0
1781873141,0.01,0.01,0.01,0.01,0
1781873441,0.01,0.01,0.01,0.01,0
1781873741,0.01,0.01,0.01,0.01,0
1781874041,0.01,0.01,0.01,0.01,0
1781874341,0.01,0.01,0.01,0.01,0
1781874641,0.01,0.01,0.01,0.01,0
1781874941,0.01,0.01,0.01,0.01,0
1781875241,0.01,0.01,0.01,0.01,0
1781875541,0.01,0.01,0.01,0.01,0
1781875841,0.01,0.01,0.01,0.01,0
1781876141,0.01,0.01,0.01,0.01,0
1781876441,0.01,0.01,0.01,0.01,0
1781876741,0.01,0.01,0.01,0.01,0
1781877041,0.01,0.01,0.01,0.01,0
1781877341,0.01,0.01,0.01,0.01,0
1781877641,0.01,0.01,0.01,0.01,0
1781877941,0.01,0.01,0.01,0.01,0
1781878241,0.01,0.01,0.01,0.01,0
1781878541,0.01,0.01,0.01,0.01,0
1781878841,0.01,0.01,0.01,0.01,0
1781879141,0.01,0.01,0.01,0.01,0
1781879441,0.01,0.01,0.01,0.01,0
1781879741,0.01,0.01,0.01,0.01,0
1781880041,0.01,0.01,0.01,0.01,0
1781880341,0.01,0.01,0.01,0.01,0
1781880641,0.01,0.01,0.01,0.01,0
1781880941,0.01,0.01,0.01,0.01,0
1781881241,0.01,0.01,0.01,0.01,0
1781881541,0.01,0.01,0.01,0.01,0
1781881841,0.01,0.01,0.01,0.01,0
1781882141,0.01,0.01,0.01,0.01,0
1781882441,0.01,0.01,0.01,0.01,0
1781882741,0.01,0.01,0.01,0.01,0
1781883041,0.01,0.01,0.01,0.01,0
1781883341,0.01,0.01,0.01,0.01,0
1781883641,0.01,0.01,0.01,0.01,0
1781883941,0.01,0.01,0.01,0.01,0
1781884241,0.01,0.01,0.01,0.01,0
1781884541,0.01,0.01,0.01,0.01,0
1781884841,0.01,0.01,0.01,0.01,0
1781885141,0.01,0.01,0.01,0.01,0
1781885441,0.01,0.01,0.01,0.01,0
1781885741,0.01,0.01,0.01,0.01,0
1781886041,0.01,0.01,0.01,0.01,0
1781886341,0.01,0.01,0.01,0.01,0
1781886641,0.01,0.01,0.01,0.01,0
1781886941,0.01,0.01,0.01,0.01,0
1781887241,0.01,0.01,0.01,0.01,0
1781887541,0.01,0.01,0.01,0.01,0
1781887841,0.01,0.01,0.01,0.01,0
1781888141,0.01,0.01,0.01,0.01,0
1781888441,0.01,0.01,0.01,0.01,0
1781888741,0.01,0.01,0.01,0.01,0
1781889041,0.01,0.01,0.01,0.01,0
1781889341,0.01,0.01,0.01,0.01,0
1781889641,0.01,0.01,0.01,0.01,0
1781889941,0.01,0.01,0.01,0.01,0
1781890241,0.01,0.01,0.01,0.01,0
1781890541,0.01,0.01,0.01,0.01,0
1781890841,0.01,0.01,0.01,0.01,0
1781891141,0.01,0.01,0.01,0.01,0
1781891441,0.01,0.01,0.01,0.01,0
1781891741,0.01,0.01,0.01,0.01,0
1781892041,0.01,0.01,0.01,0.01,0
1781892341,0.01,0.01,0.01,0.01,0
1781892641,0.01,0.01,0.01,0.01,0
1781892941,0.01,0.01,0.01,0.01,0
1781893241,0.01,0.01,0.01,0.01,0
1781893295,0.01,0.01,0.01,0.01,0
1781893595,0.01,0.01,0.01,0.01,0
1781893895,0.01,0.01,0.01,0.01,0
1781894195,0.01,0.01,0.01,0.01,0
1781894495,0.01,0.01,0.01,0.01,0
1781894795,0.01,0.01,0.01,0.01,0
1781895095,0.01,0.01,0.01,0.01,0
1781895395,0.01,0.01,0.01,0.01,0
1781895695,0.01,0.01,0.01,0.01,0
1781895796,0.01,0.01,0.01,0.01,0
1781896096,0.01,0.01,0.01,0.01,0
1781896396,0.01,0.01,0.01,0.01,0
1781896562,0.01,0.01,0.01,0.01,0
1781896862,0.01,0.01,0.01,0.01,0
1781897162,0.01,0.01,0.01,0.01,0
1781897462,0.01,0.01,0.01,0.01,0
1781897762,0.01,0.01,0.01,0.01,0
1781898062,0.01,0.01,0.01,0.01,0
1781898362,0.01,0.01,0.01,0.01,0
1781898662,0.01,0.01,0.01,0.01,0
1781898962,0.01,0.01,0.01,0.01,0
1781899262,0.01,0.01,0.01,0.01,0
1781899562,0.01,0.01,0.01,0.01,0
1781899862,0.01,0.01,0.01,0.01,0
1781900162,0.01,0.01,0.01,0.01,0
1781900265,0.01,0.01,0.01,0.01,0
1781900565,0.01,0.01,0.01,0.01,0
1781900865,0.01,0.01,0.01,0.01,0
1781901165,0.01,0.01,0.01,0.01,0
1781901465,0.01,0.01,0.01,0.01,0
1781901765,0.01,0.01,0.01,0.01,0
1781902065,0.01,0.01,0.01,0.01,0
1781902365,0.01,0.01,0.01,0.01,0
1781902665,0.01,0.01,0.01,0.01,0
1781902965,0.01,0.01,0.01,0.01,0
1781903265,0.01,0.01,0.01,0.01,0
1781903565,0.01,0.01,0.01,0.01,0
1781903865,0.01,0.01,0.01,0.01,0
1781904165,0.01,0.01,0.01,0.01,0
1781904465,0.01,0.01,0.01,0.01,0
1781904765,0.01,0.01,0.01,0.01,0
1781905065,0.01,0.01,0.01,0.01,0
1781905365,0.01,0.01,0.01,0.01,0
1781905665,0.01,0.01,0.01,0.01,0
1781905965,0.01,0.01,0.01,0.01,0
1781906265,0.01,0.01,0.01,0.01,0
1781906565,0.01,0.01,0.01,0.01,0
1781906865,0.01,0.01,0.01,0.01,0
1781907165,0.01,0.01,0.01,0.01,0
1781907465,0.01,0.01,0.01,0.01,0
1781907765,0.01,0.01,0.01,0.01,0
1781908065,0.01,0.01,0.01,0.01,0
1781908365,0.01,0.01,0.01,0.01,0
1781908665,0.01,0.01,0.01,0.01,0
1781908965,0.01,0.01,0.01,0.01,0
1781909265,0.01,0.01,0.01,0.01,0
1781909565,0.01,0.01,0.01,0.01,0
1781909865,0.01,0.01,0.01,0.01,0
1781910165,0.01,0.01,0.01,0.01,0
1781910465,0.01,0.01,0.01,0.01,0
1781910765,0.01,0.01,0.01,0.01,0
1781911065,0.01,0.01,0.01,0.01,0
1781911365,0.01,0.01,0.01,0.01,0
1781911665,0.01,0.01,0.01,0.01,0
1781911965,0.01,0.01,0.01,0.01,0
1781912265,0.01,0.01,0.01,0.01,0
1781912565,0.01,0.01,0.01,0.01,0
1781912865,0.01,0.01,0.01,0.01,0
1781913165,0.01,0.01,0.01,0.01,0
1781913465,0.01,0.01,0.01,0.01,0
1781913765,0.01,0.01,0.01,0.01,0
1781914065,0.01,0.01,0.01,0.01,0
1781914365,0.01,0.01,0.01,0.01,0
1781914665,0.01,0.01,0.01,0.01,0
1781914965,0.01,0.01,0.01,0.01,0
1781915265,0.01,0.01,0.01,0.01,0
1781915565,0.01,0.01,0.01,0.01,0
1781915865,0.01,0.01,0.01,0.01,0
1781916165,0.01,0.01,0.01,0.01,0
1781916465,0.01,0.01,0.01,0.01,0
1781916765,0.01,0.01,0.01,0.01,0
1781917065,0.01,0.01,0.01,0.01,0
1781917365,0.01,0.01,0.01,0.01,0
1781917665,0.01,0.01,0.01,0.01,0
1781917965,0.01,0.01,0.01,0.01,0
1781918265,0.01,0.01,0.01,0.01,0
1781918565,0.01,0.01,0.01,0.01,0
1781918865,0.01,0.01,0.01,0.01,0
1781919165,0.01,0.01,0.01,0.01,0
1781919465,0.01,0.01,0.01,0.01,0
1781919765,0.01,0.01,0.01,0.01,0
1781920065,0.01,0.01,0.01,0.01,0
1781920365,0.01,0.01,0.01,0.01,0
1781920665,0.01,0.01,0.01,0.01,0
1781920965,0.01,0.01,0.01,0.01,0
1781921265,0.01,0.01,0.01,0.01,0
1781921565,0.01,0.01,0.01,0.01,0
1781921865,0.01,0.01,0.01,0.01,0
1781922165,0.01,0.01,0.01,0.01,0
1781922465,0.01,0.01,0.01,0.01,0
1781922765,0.01,0.01,0.01,0.01,0
1781923065,0.01,0.01,0.01,0.01,0
1781923365,0.01,0.01,0.01,0.01,0
1781923665,0.01,0.01,0.01,0.01,0
1781923965,0.01,0.01,0.01,0.01,0
1781924265,0.01,0.01,0.01,0.01,0
1781924565,0.01,0.01,0.01,0.01,0
1781924865,0.01,0.01,0.01,0.01,0
1781925165,0.01,0.01,0.01,0.01,0
1781925465,0.01,0.01,0.01,0.01,0
1781925765,0.01,0.01,0.01,0.01,0
1781926065,0.01,0.01,0.01,0.01,0
1781926365,0.01,0.01,0.01,0.01,0
1781926665,0.01,0.01,0.01,0.01,0
1781926965,0.01,0.01,0.01,0.01,0
1781927265,0.01,0.01,0.01,0.01,0
1781927565,0.01,0.01,0.01,0.01,0
1781927865,0.01,0.01,0.01,0.01,0
1781928165,0.01,0.01,0.01,0.01,0
1781928465,0.01,0.01,0.01,0.01,0
1781928765,0.01,0.01,0.01,0.01,0
1781929065,0.01,0.01,0.01,0.01,0
1781929365,0.01,0.01,0.01,0.01,0
1781929665,0.01,0.01,0.01,0.01,0
1781929965,0.01,0.01,0.01,0.01,0
1781930265,0.01,0.01,0.01,0.01,0
1781930565,0.01,0.01,0.01,0.01,0
1781930865,0.01,0.01,0.01,0.01,0
1781931165,0.01,0.01,0.01,0.01,0
1781931465,0.01,0.01,0.01,0.01,0
1781931765,0.01,0.01,0.01,0.01,0
1781932065,0.01,0.01,0.01,0.01,0
1781932365,0.01,0.01,0.01,0.01,0
1781932665,0.01,0.01,0.01,0.01,0
1781932965,0.01,0.01,0.01,0.01,0
1781933265,0.01,0.01,0.01,0.01,0
1781933565,0.01,0.01,0.01,0.01,0
1781933865,0.01,0.01,0.01,0.01,0
1781934165,0.01,0.01,0.01,0.01,0
1781934465,0.01,0.01,0.01,0.01,0
1781934765,0.01,0.01,0.01,0.01,0
1781935065,0.01,0.01,0.01,0.01,0
1781935365,0.01,0.01,0.01,0.01,0
1781935665,0.01,0.01,0.01,0.01,0
1781935965,0.01,0.01,0.01,0.01,0
1781936265,0.01,0.01,0.01,0.01,0
1781936565,0.01,0.01,0.01,0.01,0
1781936865,0.01,0.01,0.01,0.01,0
1781937165,0.01,0.01,0.01,0.01,0
1781937465,0.01,0.01,0.01,0.01,0
1781937765,0.01,0.01,0.01,0.01,0
1781938065,0.01,0.01,0.01,0.01,0
1781938365,0.01,0.01,0.01,0.01,0
1781938665,0.01,0.01,0.01,0.01,0
1781938965,0.01,0.01,0.01,0.01,0
1781939265,0.01,0.01,0.01,0.01,0
1781939565,0.01,0.01,0.01,0.01,0
1781939865,0.01,0.01,0.01,0.01,0
1781940165,0.01,0.01,0.01,0.01,0
1781940465,0.01,0.01,0.01,0.01,0
1781940765,0.01,0.01,0.01,0.01,0
1781941065,0.01,0.01,0.01,0.01,0
1781941365,0.01,0.01,0.01,0.01,0
1781941665,0.01,0.01,0.01,0.01,0
1781941965,0.01,0.01,0.01,0.01,0
1781942265,0.01,0.01,0.01,0.01,0
1781942565,0.01,0.01,0.01,0.01,0
1781942865,0.01,0.01,0.01,0.01,0
1781943165,0.01,0.01,0.01,0.01,0
1781943465,0.01,0.01,0.01,0.01,0
1781943765,0.01,0.01,0.01,0.01,0
1781944065,0.01,0.01,0.01,0.01,0
1781944365,0.01,0.01,0.01,0.01,0
1781944665,0.01,0.01,0.01,0.01,0
1781944965,0.01,0.01,0.01,0.01,0
1781945265,0.01,0.01,0.01,0.01,0
1781945565,0.01,0.01,0.01,0.01,0
1781945865,0.01,0.01,0.01,0.01,0
1781946165,0.01,0.01,0.01,0.01,0
1781946465,0.01,0.01,0.01,0.01,0
1781946765,0.01,0.01,0.01,0.01,0
1781947065,0.01,0.01,0.01,0.01,0
1781947365,0.01,0.01,0.01,0.01,0
1781947665,0.01,0.01,0.01,0.01,0
1781947965,0.01,0.01,0.01,0.01,0
1781948265,0.01,0.01,0.01,0.01,0
1781948565,0.01,0.01,0.01,0.01,0
1781948865,0.01,0.01,0.01,0.01,0
1781949165,0.01,0.01,0.01,0.01,0
1781949465,0.01,0.01,0.01,0.01,0
1781949765,0.01,0.01,0.01,0.01,0
1781950065,0.01,0.01,0.01,0.01,0
1781950365,0.01,0.01,0.01,0.01,0
1781950665,0.01,0.01,0.01,0.01,0
1781950965,0.01,0.01,0.01,0.01,0
1781951265,0.01,0.01,0.01,0.01,0
1781951565,0.01,0.01,0.01,0.01,0
1781951865,0.01,0.01,0.01,0.01,0
1781952165,0.01,0.01,0.01,0.01,0
1781952465,0.01,0.01,0.01,0.01,0
1781952765,0.01,0.01,0.01,0.01,0
1781953065,0.01,0.01,0.01,0.01,0
1781953365,0.01,0.01,0.01,0.01,0
1781953665,0.01,0.01,0.01,0.01,0
1781953965,0.01,0.01,0.01,0.01,0
1781954265,0.01,0.01,0.01,0.01,0
1781954565,0.01,0.01,0.01,0.01,0
1781954865,0.01,0.01,0.01,0.01,0
1781955165,0.01,0.01,0.01,0.01,0
1781955465,0.01,0.01,0.01,0.01,0
1781955765,0.01,0.01,0.01,0.01,0
1781956065,0.01,0.01,0.01,0.01,0
1781956365,0.01,0.01,0.01,0.01,0
1781956665,0.01,0.01,0.01,0.01,0
1781956965,0.01,0.01,0.01,0.01,0
1781957265,0.01,0.01,0.01,0.01,0
1781957565,0.01,0.01,0.01,0.01,0
1781957865,0.01,0.01,0.01,0.01,0
1781958165,0.01,0.01,0.01,0.01,0
1781958465,0.01,0.01,0.01,0.01,0
1781958765,0.01,0.01,0.01,0.01,0
1781959065,0.01,0.01,0.01,0.01,0
1781959365,0.01,0.01,0.01,0.01,0
1781959665,0.01,0.01,0.01,0.01,0
1781959965,0.01,0.01,0.01,0.01,0
1781960265,0.01,0.01,0.01,0.01,0
1781960565,0.01,0.01,0.01,0.01,0
1781960865,0.01,0.01,0.01,0.01,0
1781961165,0.01,0.01,0.01,0.01,0
1781961465,0.01,0.01,0.01,0.01,0
1781961765,0.01,0.01,0.01,0.01,0
1781962065,0.01,0.01,0.01,0.01,0
1781962365,0.01,0.01,0.01,0.01,0
1781962665,0.01,0.01,0.01,0.01,0
1781962965,0.01,0.01,0.01,0.01,0
1781963265,0.01,0.01,0.01,0.01,0
1781963565,0.01,0.01,0.01,0.01,0
1781963865,0.01,0.01,0.01,0.01,0
1781964165,0.01,0.01,0.01,0.01,0
1781964465,0.01,0.01,0.01,0.01,0
1781964765,0.01,0.01,0.01,0.01,0
1781965065,0.01,0.01,0.01,0.01,0
1781965365,0.01,0.01,0.01,0.01,0
1781965665,0.01,0.01,0.01,0.01,0
1781965965,0.01,0.01,0.01,0.01,0
1781966265,0.01,0.01,0.01,0.01,0
1781966565,0.01,0.01,0.01,0.01,0
1781966865,0.01,0.01,0.01,0.01,0
1781967165,0.01,0.01,0.01,0.01,0
1781967465,0.01,0.01,0.01,0.01,0
1781967765,0.01,0.01,0.01,0.01,0
1781968065,0.01,0.01,0.01,0.01,0
1781968365,0.01,0.01,0.01,0.01,0
1781968665,0.01,0.01,0.01,0.01,0
1781968965,0.01,0.01,0.01,0.01,0
1781969265,0.01,0.01,0.01,0.01,0
1781969565,0.01,0.01,0.01,0.01,0
1781969865,0.01,0.01,0.01,0.01,0
1781970165,0.01,0.01,0.01,0.01,0
1781970465,0.01,0.01,0.01,0.01,0
1781970765,0.01,0.01,0.01,0.01,0
1781971065,0.01,0.01,0.01,0.01,0
1781971365,0.01,0.01,0.01,0.01,0
1781971665,0.01,0.01,0.01,0.01,0
1781971965,0.01,0.01,0.01,0.01,0
1781972265,0.01,0.01,0.01,0.01,0
1781972565,0.01,0.01,0.01,0.01,0
1781972865,0.01,0.01,0.01,0.01,0
1781973165,0.01,0.01,0.01,0.01,0
1781973384,0.01,0.01,0.01,0.01,0
1781973684,0.01,0.01,0.01,0.01,0
1781973984,0.01,0.01,0.01,0.01,0
1781974284,0.01,0.01,0.01,0.01,0
1781974584,0.01,0.01,0.01,0.01,0
1781974884,0.01,0.01,0.01,0.01,0
1781975184,0.01,0.01,0.01,0.01,0
1781975484,0.01,0.01,0.01,0.01,0
1781975784,0.01,0.01,0.01,0.01,0
1781976097,0.01,0.01,0.01,0.01,0
1781976397,0.01,0.01,0.01,0.01,0
1781976697,0.01,0.01,0.01,0.01,0
1781976997,0.01,0.01,0.01,0.01,0
1781977297,0.01,0.01,0.01,0.01,0
1781977597,0.01,0.01,0.01,0.01,0
1781977897,0.01,0.01,0.01,0.01,0
1781978197,0.01,0.01,0.01,0.01,0
1781978497,0.01,0.01,0.01,0.01,0
1781978797,0.01,0.01,0.01,0.01,0
1781979097,0.01,0.01,0.01,0.01,0
1781979397,0.01,0.01,0.01,0.01,0
1781979697,0.01,0.01,0.01,0.01,0
1781979997,0.01,0.01,0.01,0.01,0
1781980297,0.01,0.01,0.01,0.01,0
1781980597,0.01,0.01,0.01,0.01,0
1781980897,0.01,0.01,0.01,0.01,0
1781981197,0.01,0.01,0.01,0.01,0
1781981497,0.01,0.01,0.01,0.01,0
1781981797,0.01,0.01,0.01,0.01,0
1781982097,0.01,0.01,0.01,0.01,0
1781982397,0.01,0.01,0.01,0.01,0
1781982697,0.01,0.01,0.01,0.01,0
1781982997,0.01,0.01,0.01,0.01,0
1781983297,0.01,0.01,0.01,0.01,0
1781983597,0.01,0.01,0.01,0.01,0
1781983897,0.01,0.01,0.01,0.01,0
1781984197,0.01,0.01,0.01,0.01,0
1781984497,0.01,0.01,0.01,0.01,0
1781984797,0.01,0.01,0.01,0.01,0
1781985097,0.01,0.01,0.01,0.01,0
1781985397,0.01,0.01,0.01,0.01,0
1781985697,0.01,0.01,0.01,0.01,0
1781985997,0.01,0.01,0.01,0.01,0
1781986297,0.01,0.01,0.01,0.01,0
1781986597,0.01,0.01,0.01,0.01,0
1781986897,0.01,0.01,0.01,0.01,0
1781987197,0.01,0.01,0.01,0.01,0
1781987497,0.01,0.01,0.01,0.01,0
1781987797,0.01,0.01,0.01,0.01,0
1781988097,0.01,0.01,0.01,0.01,0
1781988397,0.01,0.01,0.01,0.01,0
1781988697,0.01,0.01,0.01,0.01,0
1781988997,0.01,0.01,0.01,0.01,0
1781989297,0.01,0.01,0.01,0.01,0
1781989597,0.01,0.01,0.01,0.01,0
1781989897,0.01,0.01,0.01,0.01,0
1781990197,0.01,0.01,0.01,0.01,0
1781990497,0.01,0.01,0.01,0.01,0
1781990797,0.01,0.01,0.01,0.01,0
1781991097,0.01,0.01,0.01,0.01,0
1781991397,0.01,0.01,0.01,0.01,0
1781991697,0.01,0.01,0.01,0.01,0
1781991997,0.01,0.01,0.01,0.01,0
1781992297,0.01,0.01,0.01,0.01,0
1781992597,0.01,0.01,0.01,0.01,0
1781992897,0.01,0.01,0.01,0.01,0
1781993197,0.01,0.01,0.01,0.01,0
1781993497,0.01,0.01,0.01,0.01,0
1781993797,0.01,0.01,0.01,0.01,0
1781994097,0.01,0.01,0.01,0.01,0
1781994397,0.01,0.01,0.01,0.01,0
1781994697,0.01,0.01,0.01,0.01,0
1781994997,0.01,0.01,0.01,0.01,0
1781995297,0.01,0.01,0.01,0.01,0
1781995597,0.01,0.01,0.01,0.01,0
1781995897,0.01,0.01,0.01,0.01,0
1781996197,0.01,0.01,0.01,0.01,0
1781996497,0.01,0.01,0.01,0.01,0
1781996797,0.01,0.01,0.01,0.01,0
1781997097,0.01,0.01,0.01,0.01,0
1781997397,0.01,0.01,0.01,0.01,0
1781997697,0.01,0.01,0.01,0.01,0
1781997997,0.01,0.01,0.01,0.01,0
1781998297,0.01,0.01,0.01,0.01,0
1781998597,0.01,0.01,0.01,0.01,0
1781998897,0.01,0.01,0.01,0.01,0
1781999197,0.01,0.01,0.01,0.01,0
1781999497,0.01,0.01,0.01,0.01,0
1781999797,0.01,0.01,0.01,0.01,0
1782000097,0.01,0.01,0.01,0.01,0
1782000397,0.01,0.01,0.01,0.01,0
1782000697,0.01,0.01,0.01,0.01,0
1782000997,0.01,0.01,0.01,0.01,0
1782001297,0.01,0.01,0.01,0.01,0
1782001597,0.01,0.01,0.01,0.01,0
1782001897,0.01,0.01,0.01,0.01,0
1782002197,0.01,0.01,0.01,0.01,0
1782002497,0.01,0.01,0.01,0.01,0
1782002797,0.01,0.01,0.01,0.01,0
1782003097,0.01,0.01,0.01,0.01,0
1782003397,0.01,0.01,0.01,0.01,0
1782003697,0.01,0.01,0.01,0.01,0
1782003997,0.01,0.01,0.01,0.01,0
1782004297,0.01,0.01,0.01,0.01,0
1782004597,0.01,0.01,0.01,0.01,0
1782004897,0.01,0.01,0.01,0.01,0
1782005197,0.01,0.01,0.01,0.01,0
1782005497,0.01,0.01,0.01,0.01,0
1782005797,0.01,0.01,0.01,0.01,0
1782006097,0.01,0.01,0.01,0.01,0
1782006397,0.01,0.01,0.01,0.01,0
1782006697,0.01,0.01,0.01,0.01,0
1782006997,0.01,0.01,0.01,0.01,0
1782007297,0.01,0.01,0.01,0.01,0
1782007597,0.01,0.01,0.01,0.01,0
1782007897,0.01,0.01,0.01,0.01,0
1782008197,0.01,0.01,0.01,0.01,0
1782008497,0.01,0.01,0.01,0.01,0
1782008797,0.01,0.01,0.01,0.01,0
1782009097,0.01,0.01,0.01,0.01,0
1782009397,0.01,0.01,0.01,0.01,0
1782009697,0.01,0.01,0.01,0.01,0
1782009997,0.01,0.01,0.01,0.01,0
1782010297,0.01,0.01,0.01,0.01,0
1782010597,0.01,0.01,0.01,0.01,0
1782010897,0.01,0.01,0.01,0.01,0
1782011197,0.01,0.01,0.01,0.01,0
1782011497,0.01,0.01,0.01,0.01,0
1782011797,0.01,0.01,0.01,0.01,0
1782012097,0.01,0.01,0.01,0.01,0
1782012397,0.01,0.01,0.01,0.01,0
1782012697,0.01,0.01,0.01,0.01,0
1782012997,0.01,0.01,0.01,0.01,0
1782013297,0.01,0.01,0.01,0.01,0
1782013597,0.01,0.01,0.01,0.01,0
1782013897,0.01,0.01,0.01,0.01,0
1782014197,0.01,0.01,0.01,0.01,0
1782014497,0.01,0.01,0.01,0.01,0
1782014797,0.01,0.01,0.01,0.01,0
1782015097,0.01,0.01,0.01,0.01,0
1782015397,0.01,0.01,0.01,0.01,0
1782015697,0.01,0.01,0.01,0.01,0
1782015997,0.01,0.01,0.01,0.01,0
1782016297,0.01,0.01,0.01,0.01,0
1782016597,0.01,0.01,0.01,0.01,0
1782016897,0.01,0.01,0.01,0.01,0
1782017197,0.01,0.01,0.01,0.01,0
1782017497,0.01,0.01,0.01,0.01,0
1782017797,0.01,0.01,0.01,0.01,0
1782018097,0.01,0.01,0.01,0.01,0
1782018397,0.01,0.01,0.01,0.01,0
1782018697,0.01,0.01,0.01,0.01,0
1782018997,0.01,0.01,0.01,0.01,0
1782019297,0.01,0.01,0.01,0.01,0
1782019597,0.01,0.01,0.01,0.01,0
1782019897,0.01,0.01,0.01,0.01,0
1782020197,0.01,0.01,0.01,0.01,0
1782020497,0.01,0.01,0.01,0.01,0
1782020797,0.01,0.01,0.01,0.01,0
1782021097,0.01,0.01,0.01,0.01,0
1782021397,0.01,0.01,0.01,0.01,0
1782021697,0.01,0.01,0.01,0.01,0
1782021997,0.01,0.01,0.01,0.01,0
1782022297,0.01,0.01,0.01,0.01,0
1782022597,0.01,0.01,0.01,0.01,0
1782022897,0.01,0.01,0.01,0.01,0
1782023197,0.01,0.01,0.01,0.01,0
1782023497,0.01,0.01,0.01,0.01,0
1782023797,0.01,0.01,0.01,0.01,0
1782024097,0.01,0.01,0.01,0.01,0
1782024397,0.01,0.01,0.01,0.01,0
1782024697,0.01,0.01,0.01,0.01,0
1782024997,0.01,0.01,0.01,0.01,0
1782025297,0.01,0.01,0.01,0.01,0
1782025597,0.01,0.01,0.01,0.01,0
1782025897,0.01,0.01,0.01,0.01,0
1782026197,0.01,0.01,0.01,0.01,0
1782026497,0.01,0.01,0.01,0.01,0
1782026797,0.01,0.01,0.01,0.01,0
1782027097,0.01,0.01,0.01,0.01,0
1782027397,0.01,0.01,0.01,0.01,0
1782027697,0.01,0.01,0.01,0.01,0
1782027997,0.01,0.01,0.01,0.01,0
1782028297,0.01,0.01,0.01,0.01,0
1782028597,0.01,0.01,0.01,0.01,0
1782028897,0.01,0.01,0.01,0.01,0
1782029197,0.01,0.01,0.01,0.01,0
1782029497,0.01,0.01,0.01,0.01,0
1782029797,0.01,0.01,0.01,0.01,0
1782030097,0.01,0.01,0.01,0.01,0
1782030397,0.01,0.01,0.01,0.01,0
1782030697,0.01,0.01,0.01,0.01,0
1782030997,0.01,0.01,0.01,0.01,0
1782031297,0.01,0.01,0.01,0.01,0
1782031597,0.01,0.01,0.01,0.01,0
1782031897,0.01,0.01,0.01,0.01,0
1782032197,0.01,0.01,0.01,0.01,0
1782032497,0.01,0.01,0.01,0.01,0
1782032797,0.01,0.01,0.01,0.01,0
1782033097,0.01,0.01,0.01,0.01,0
1782033397,0.01,0.01,0.01,0.01,0
1782033697,0.01,0.01,0.01,0.01,0
1782033997,0.01,0.01,0.01,0.01,0
1782034297,0.01,0.01,0.01,0.01,0
1782034597,0.01,0.01,0.01,0.01,0
1782034897,0.01,0.01,0.01,0.01,0
1782035197,0.01,0.01,0.01,0.01,0
1782035497,0.01,0.01,0.01,0.01,0
1782035797,0.01,0.01,0.01,0.01,0
1782036097,0.01,0.01,0.01,0.01,0
1782036397,0.01,0.01,0.01,0.01,0
1782036697,0.01,0.01,0.01,0.01,0
1782036997,0.01,0.01,0.01,0.01,0
1782037297,0.01,0.01,0.01,0.01,0
1782037597,0.01,0.01,0.01,0.01,0
1782037897,0.01,0.01,0.01,0.01,0
1782038197,0.01,0.01,0.01,0.01,0
1782038497,0.01,0.01,0.01,0.01,0
1782038797,0.01,0.01,0.01,0.01,0
1782039097,0.01,0.01,0.01,0.01,0
1782039397,0.01,0.01,0.01,0.01,0
1782039697,0.01,0.01,0.01,0.01,0
1782039997,0.01,0.01,0.01,0.01,0
1782040297,0.01,0.01,0.01,0.01,0
1782040597,0.01,0.01,0.01,0.01,0
1782040897,0.01,0.01,0.01,0.01,0
1782041197,0.01,0.01,0.01,0.01,0
1782041497,0.01,0.01,0.01,0.01,0
1782041797,0.01,0.01,0.01,0.01,0
1782042097,0.01,0.01,0.01,0.01,0
1782042397,0.01,0.01,0.01,0.01,0
1782042697,0.01,0.01,0.01,0.01,0
1782042997,0.01,0.01,0.01,0.01,0
1782043297,0.01,0.01,0.01,0.01,0
1782043597,0.01,0.01,0.01,0.01,0
1782043897,0.01,0.01,0.01,0.01,0
1782044197,0.01,0.01,0.01,0.01,0
1782044497,0.01,0.01,0.01,0.01,0
1782044797,0.01,0.01,0.01,0.01,0
1782045097,0.01,0.01,0.01,0.01,0
1782045397,0.01,0.01,0.01,0.01,0
1782045697,0.01,0.01,0.01,0.01,0
1782045997,0.01,0.01,0.01,0.01,0
1782046297,0.01,0.01,0.01,0.01,0
1782046597,0.01,0.01,0.01,0.01,0
1782046897,0.01,0.01,0.01,0.01,0
1782047197,0.01,0.01,0.01,0.01,0
1782047497,0.01,0.01,0.01,0.01,0
1782047797,0.01,0.01,0.01,0.01,0
1782048097,0.01,0.01,0.01,0.01,0
1782048397,0.01,0.01,0.01,0.01,0
1782048697,0.01,0.01,0.01,0.01,0
1782048997,0.01,0.01,0.01,0.01,0
1782049297,0.01,0.01,0.01,0.01,0
1782049597,0.01,0.01,0.01,0.01,0
1782049897,0.01,0.01,0.01,0.01,0
1782050197,0.01,0.01,0.01,0.01,0
1782050497,0.01,0.01,0.01,0.01,0
1782050797,0.01,0.01,0.01,0.01,0
1782051097,0.01,0.01,0.01,0.01,0
1782051397,0.01,0.01,0.01,0.01,0
1782051697,0.01,0.01,0.01,0.01,0
1782051997,0.01,0.01,0.01,0.01,0
1782052297,0.01,0.01,0.01,0.01,0
1782052597,0.01,0.01,0.01,0.01,0
1782052897,0.01,0.01,0.01,0.01,0
1782053197,0.01,0.01,0.01,0.01,0
1782053497,0.01,0.01,0.01,0.01,0
1782053797,0.01,0.01,0.01,0.01,0
1782054097,0.01,0.01,0.01,0.01,0
1782054397,0.01,0.01,0.01,0.01,0
1782054697,0.01,0.01,0.01,0.01,0
1782054997,0.01,0.01,0.01,0.01,0
1782055297,0.01,0.01,0.01,0.01,0
1782055597,0.01,0.01,0.01,0.01,0
1782055897,0.01,0.01,0.01,0.01,0
1782056197,0.01,0.01,0.01,0.01,0
1782056497,0.01,0.01,0.01,0.01,0
1782056797,0.01,0.01,0.01,0.01,0
1782057097,0.01,0.01,0.01,0.01,0
1782057397,0.01,0.01,0.01,0.01,0
1782057697,0.01,0.01,0.01,0.01,0
1782057997,0.01,0.01,0.01,0.01,0
1782058297,0.01,0.01,0.01,0.01,0
1782058597,0.01,0.01,0.01,0.01,0
1782058897,0.01,0.01,0.01,0.01,0
1782059197,0.01,0.01,0.01,0.01,0
1782059497,0.01,0.01,0.01,0.01,0
1782059797,0.01,0.01,0.01,0.01,0
1782060097,0.01,0.01,0.01,0.01,0
1782060397,0.01,0.01,0.01,0.01,0
1782060697,0.01,0.01,0.01,0.01,0
1782060997,0.01,0.01,0.01,0.01,0
1782061297,0.01,0.01,0.01,0.01,0
1782061597,0.01,0.01,0.01,0.01,0
1782061897,0.01,0.01,0.01,0.01,0
1782062197,0.01,0.01,0.01,0.01,0
1782062497,0.01,0.01,0.01,0.01,0
1782062797,0.01,0.01,0.01,0.01,0
1782063097,0.01,0.01,0.01,0.01,0
1782063397,0.01,0.01,0.01,0.01,0
1782063697,0.01,0.01,0.01,0.01,0
1782063997,0.01,0.01,0.01,0.01,0
1782064297,0.01,0.01,0.01,0.01,0
1782064597,0.01,0.01,0.01,0.01,0
1782064897,0.01,0.01,0.01,0.01,0
1782065197,0.01,0.01,0.01,0.01,0
1782065497,0.01,0.01,0.01,0.01,0
1782065797,0.01,0.01,0.01,0.01,0
1782066097,0.01,0.01,0.01,0.01,0
1782066397,0.01,0.01,0.01,0.01,0
1782066697,0.01,0.01,0.01,0.01,0
1782066997,0.01,0.01,0.01,0.01,0
1782067297,0.01,0.01,0.01,0.01,0
1782067597,0.01,0.01,0.01,0.01,0
1782067897,0.01,0.01,0.01,0.01,0
1782068197,0.01,0.01,0.01,0.01,0
1782068497,0.01,0.01,0.01,0.01,0
1782068797,0.01,0.01,0.01,0.01,0
1782069097,0.01,0.01,0.01,0.01,0
1782069397,0.01,0.01,0.01,0.01,0
1782069697,0.01,0.01,0.01,0.01,0
1782069997,0.01,0.01,0.01,0.01,0
1782070297,0.01,0.01,0.01,0.01,0
1782070597,0.01,0.01,0.01,0.01,0
1782070897,0.01,0.01,0.01,0.01,0
1782071197,0.01,0.01,0.01,0.01,0
1782071497,0.01,0.01,0.01,0.01,0
1782071797,0.01,0.01,0.01,0.01,0
1782072097,0.01,0.01,0.01,0.01,0
1782072397,0.01,0.01,0.01,0.01,0
1782072697,0.01,0.01,0.01,0.01,0
1782072997,0.01,0.01,0.01,0.01,0
1782073297,0.01,0.01,0.01,0.01,0
1782073597,0.01,0.01,0.01,0.01,0
1782073897,0.01,0.01,0.01,0.01,0
1782074197,0.01,0.01,0.01,0.01,0
1782074497,0.01,0.01,0.01,0.01,0
1782074797,0.01,0.01,0.01,0.01,0
1782075097,0.01,0.01,0.01,0.01,0
1782075397,0.01,0.01,0.01,0.01,0
1782075697,0.01,0.01,0.01,0.01,0
1782075997,0.01,0.01,0.01,0.01,0
1782076297,0.01,0.01,0.01,0.01,0
1782076597,0.01,0.01,0.01,0.01,0
1782076897,0.01,0.01,0.01,0.01,0
1782077197,0.01,0.01,0.01,0.01,0
1782077497,0.01,0.01,0.01,0.01,0
1782077797,0.01,0.01,0.01,0.01,0
1782078097,0.01,0.01,0.01,0.01,0
1782078397,0.01,0.01,0.01,0.01,0
1782078697,0.01,0.01,0.01,0.01,0
1782078997,0.01,0.01,0.01,0.01,0
1782079297,0.01,0.01,0.01,0.01,0
1782079597,0.01,0.01,0.01,0.01,0
1782079897,0.01,0.01,0.01,0.01,0
1782080197,0.01,0.01,0.01,0.01,0
1782080497,0.01,0.01,0.01,0.01,0
1782080797,0.01,0.01,0.01,0.01,0
1782081097,0.01,0.01,0.01,0.01,0
1782081397,0.01,0.01,0.01,0.01,0
1782081697,0.01,0.01,0.01,0.01,0
1782081997,0.01,0.01,0.01,0.01,0
1782082297,0.01,0.01,0.01,0.01,0
1782082597,0.01,0.01,0.01,0.01,0
1782082897,0.01,0.01,0.01,0.01,0
1782083197,0.01,0.01,0.01,0.01,0
1782083497,0.01,0.01,0.01,0.01,0
1782083797,0.01,0.01,0.01,0.01,0
1782084097,0.01,0.01,0.01,0.01,0
1782084397,0.01,0.01,0.01,0.01,0
1782084697,0.01,0.01,0.01,0.01,0
1782084997,0.01,0.01,0.01,0.01,0
1782085297,0.01,0.01,0.01,0.01,0
1782085597,0.01,0.01,0.01,0.01,0
1782085897,0.01,0.01,0.01,0.01,0
1782086197,0.01,0.01,0.01,0.01,0
1782086497,0.01,0.01,0.01,0.01,0
1782086797,0.01,0.01,0.01,0.01,0
1782087097,0.01,0.01,0.01,0.01,0
1782087397,0.01,0.01,0.01,0.01,0
1782087697,0.01,0.01,0.01,0.01,0
1782087997,0.01,0.01,0.01,0.01,0
1782088297,0.01,0.01,0.01,0.01,0
1782088597,0.01,0.01,0.01,0.01,0
1782088897,0.01,0.01,0.01,0.01,0
1782089197,0.01,0.01,0.01,0.01,0
1782089497,0.01,0.01,0.01,0.01,0
1782089797,0.01,0.01,0.01,0.01,0
1782090097,0.01,0.01,0.01,0.01,0
1782090397,0.01,0.01,0.01,0.01,0
1782090697,0.01,0.01,0.01,0.01,0
1782090997,0.01,0.01,0.01,0.01,0
1782091297,0.01,0.01,0.01,0.01,0
1782091597,0.01,0.01,0.01,0.01,0
1782091897,0.01,0.01,0.01,0.01,0
1782092197,0.01,0.01,0.01,0.01,0
1782092497,0.01,0.01,0.01,0.01,0
1782092797,0.01,0.01,0.01,0.01,0
1782093097,0.01,0.01,0.01,0.01,0
1782093397,0.01,0.01,0.01,0.01,0
1782093697,0.01,0.01,0.01,0.01,0
1782093997,0.01,0.01,0.01,0.01,0
1782094297,0.01,0.01,0.01,0.01,0
1782094597,0.01,0.01,0.01,0.01,0
1782094897,0.01,0.01,0.01,0.01,0
1782095197,0.01,0.01,0.01,0.01,0
1782095497,0.01,0.01,0.01,0.01,0
1782095797,0.01,0.01,0.01,0.01,0
1782096097,0.01,0.01,0.01,0.01,0
1782096397,0.01,0.01,0.01,0.01,0
1782096697,0.01,0.01,0.01,0.01,0
1782096997,0.01,0.01,0.01,0.01,0
1782097297,0.01,0.01,0.01,0.01,0
1782097597,0.01,0.01,0.01,0.01,0
1782097897,0.01,0.01,0.01,0.01,0
1782098197,0.01,0.01,0.01,0.01,0
1782098497,0.01,0.01,0.01,0.01,0
1782098797,0.01,0.01,0.01,0.01,0
1782099097,0.01,0.01,0.01,0.01,0
1782099397,0.01,0.01,0.01,0.01,0
1782099697,0.01,0.01,0.01,0.01,0
1782099997,0.01,0.01,0.01,0.01,0
1782100297,0.01,0.01,0.01,0.01,0
1782100597,0.01,0.01,0.01,0.01,0
1782100897,0.01,0.01,0.01,0.01,0
1782101197,0.01,0.01,0.01,0.01,0
1782101497,0.01,0.01,0.01,0.01,0
1782101797,0.01,0.01,0.01,0.01,0
1782102097,0.01,0.01,0.01,0.01,0
1782102397,0.01,0.01,0.01,0.01,0
1782102697,0.01,0.01,0.01,0.01,0
1782102997,0.01,0.01,0.01,0.01,0
1782103297,0.01,0.01,0.01,0.01,0
1782103597,0.01,0.01,0.01,0.01,0
1782103897,0.01,0.01,0.01,0.01,0
1782104197,0.01,0.01,0.01,0.01,0
1782104497,0.01,0.01,0.01,0.01,0
1782104797,0.01,0.01,0.01,0.01,0
1782105097,0.01,0.01,0.01,0.01,0
1782105397,0.01,0.01,0.01,0.01,0
1782105697,0.01,0.01,0.01,0.01,0
1782105997,0.01,0.01,0.01,0.01,0
1782106297,0.01,0.01,0.01,0.01,0
1782106597,0.01,0.01,0.01,0.01,0
1782106897,0.01,0.01,0.01,0.01,0
1782107197,0.01,0.01,0.01,0.01,0
1782107497,0.01,0.01,0.01,0.01,0
1782107797,0.01,0.01,0.01,0.01,0
1782108097,0.01,0.01,0.01,0.01,0
1782108397,0.01,0.01,0.01,0.01,0
1782108697,0.01,0.01,0.01,0.01,0
1782108997,0.01,0.01,0.01,0.01,0
1782109297,0.01,0.01,0.01,0.01,0
1782109597,0.01,0.01,0.01,0.01,0
1782109897,0.01,0.01,0.01,0.01,0
1782110197,0.0099138821,0.0099138821,0.0099138821,0.0099138821,0
1782110497,0.0098714417,0.0098714417,0.0098714417,0.0098714417,0
1782110797,0.0098268288,0.0098268288,0.0098268288,0.0098268288,0
1782111097,0.0096691473,0.0096691473,0.0096691473,0.0096691473,0
1782111397,0.0095422138,0.0095422138,0.0095422138,0.0095422138,0
1782111697,0.0094376611,0.0094376611,0.0094376611,0.0094376611,0
1782111997,0.00938475,0.00938475,0.00938475,0.00938475,0
1782112297,0.0094486356,0.0094486356,0.0094486356,0.0094486356,0
1782112597,0.009557677,0.009557677,0.009557677,0.009557677,0
1782112897,0.0096696991,0.0096696991,0.0096696991,0.0096696991,0
1782113197,0.0097890593,0.0097890593,0.0097890593,0.0097890593,0
1782113497,0.0098544274,0.0098544274,0.0098544274,0.0098544274,0
1782113797,0.01,0.01,0.01,0.01,0
1782114097,0.01,0.01,0.01,0.01,0
1782114397,0.01,0.01,0.01,0.01,0
1782114697,0.01,0.01,0.01,0.01,0
1782114997,0.01,0.01,0.01,0.01,0
1782115297,0.01,0.01,0.01,0.01,0
1782115597,0.01,0.01,0.01,0.01,0
1782115897,0.01,0.01,0.01,0.01,0
1782116197,0.01,0.01,0.01,0.01,0
1782116497,0.01,0.01,0.01,0.01,0
1782116797,0.01,0.01,0.01,0.01,0
1782117097,0.01,0.01,0.01,0.01,0
1782117397,0.01,0.01,0.01,0.01,0
1782117697,0.01,0.01,0.01,0.01,0
1782117997,0.01,0.01,0.01,0.01,0
1782118297,0.01,0.01,0.01,0.01,0
1782118597,0.01,0.01,0.01,0.01,0
1782118897,0.01,0.01,0.01,0.01,0
1782119197,0.01,0.01,0.01,0.01,0
1782119497,0.01,0.01,0.01,0.01,0
1782119797,0.01,0.01,0.01,0.01,0
1782120097,0.01,0.01,0.01,0.01,0
1782120397,0.01,0.01,0.01,0.01,0
1782120697,0.01,0.01,0.01,0.01,0
1782120997,0.01,0.01,0.01,0.01,0
1782121297,0.01,0.01,0.01,0.01,0
1782121597,0.01,0.01,0.01,0.01,0
1782121897,0.01,0.01,0.01,0.01,0
1782122197,0.01,0.01,0.01,0.01,0
1782122497,0.01,0.01,0.01,0.01,0
1782122797,0.01,0.01,0.01,0.01,0
1782123097,0.01,0.01,0.01,0.01,0
1782123397,0.01,0.01,0.01,0.01,0
1782123697,0.01,0.01,0.01,0.01,0
1782123997,0.01,0.01,0.01,0.01,0
1782124297,0.01,0.01,0.01,0.01,0
1782124597,0.01,0.01,0.01,0.01,0
1782124897,0.01,0.01,0.01,0.01,0
1782125197,0.01,0.01,0.01,0.01,0
1782125497,0.01,0.01,0.01,0.01,0
1782125797,0.01,0.01,0.01,0.01,0
1782126097,0.01,0.01,0.01,0.01,0
1782126397,0.01,0.01,0.01,0.01,0
1782126697,0.01,0.01,0.01,0.01,0
1782126997,0.01,0.01,0.01,0.01,0
1782127297,0.01,0.01,0.01,0.01,0
1782127597,0.01,0.01,0.01,0.01,0
1782127897,0.01,0.01,0.01,0.01,0
1782128197,0.01,0.01,0.01,0.01,0
1782128497,0.01,0.01,0.01,0.01,0
1782128797,0.01,0.01,0.01,0.01,0
1782129097,0.01,0.01,0.01,0.01,0
1782129397,0.01,0.01,0.01,0.01,0
1782129697,0.01,0.01,0.01,0.01,0
1782129997,0.01,0.01,0.01,0.01,0
1782130297,0.01,0.01,0.01,0.01,0
1782130597,0.01,0.01,0.01,0.01,0
1782130897,0.01,0.01,0.01,0.01,0
1782131197,0.01,0.01,0.01,0.01,0
1782131497,0.01,0.01,0.01,0.01,0
1782131797,0.01,0.01,0.01,0.01,0
1782132097,0.01,0.01,0.01,0.01,0
1782132397,0.01,0.01,0.01,0.01,0
1782132697,0.01,0.01,0.01,0.01,0
1782132997,0.01,0.01,0.01,0.01,0
1782133297,0.01,0.01,0.01,0.01,0
1782133597,0.01,0.01,0.01,0.01,0
1782133897,0.01,0.01,0.01,0.01,0
1782134197,0.01,0.01,0.01,0.01,0
1782134497,0.01,0.01,0.01,0.01,0
1782134797,0.01,0.01,0.01,0.01,0
1782135097,0.01,0.01,0.01,0.01,0
1782135397,0.01,0.01,0.01,0.01,0
1782135697,0.01,0.01,0.01,0.01,0
1782135997,0.01,0.01,0.01,0.01,0
1782136297,0.01,0.01,0.01,0.01,0
1782136597,0.01,0.01,0.01,0.01,0
1782136897,0.01,0.01,0.01,0.01,0
1782137197,0.01,0.01,0.01,0.01,0
1782137497,0.01,0.01,0.01,0.01,0
1782137797,0.01,0.01,0.01,0.01,0
1782138097,0.01,0.01,0.01,0.01,0
1782138397,0.01,0.01,0.01,0.01,0
1782138697,0.01,0.01,0.01,0.01,0
1782138997,0.01,0.01,0.01,0.01,0
1782139297,0.01,0.01,0.01,0.01,0
1782139597,0.01,0.01,0.01,0.01,0
1782139897,0.01,0.01,0.01,0.01,0
1782140197,0.01,0.01,0.01,0.01,0
1782140497,0.01,0.01,0.01,0.01,0
1782140797,0.01,0.01,0.01,0.01,0
1782141097,0.01,0.01,0.01,0.01,0
1782141397,0.01,0.01,0.01,0.01,0
1782141697,0.01,0.01,0.01,0.01,0
1782141997,0.01,0.01,0.01,0.01,0
1782142297,0.01,0.01,0.01,0.01,0
1782142597,0.01,0.01,0.01,0.01,0
1782142897,0.01,0.01,0.01,0.01,0
1782143197,0.01,0.01,0.01,0.01,0
1782143497,0.01,0.01,0.01,0.01,0
1782143797,0.01,0.01,0.01,0.01,0
1782144097,0.01,0.01,0.01,0.01,0
1782144397,0.01,0.01,0.01,0.01,0
1782144697,0.01,0.01,0.01,0.01,0
1782144997,0.01,0.01,0.01,0.01,0
1782145297,0.01,0.01,0.01,0.01,0
1782145597,0.01,0.01,0.01,0.01,0
1782145897,0.01,0.01,0.01,0.01,0
1782146197,0.01,0.01,0.01,0.01,0
1782146497,0.01,0.01,0.01,0.01,0
1782146797,0.01,0.01,0.01,0.01,0
1782147097,0.01,0.01,0.01,0.01,0
1782147397,0.01,0.01,0.01,0.01,0
1782147697,0.01,0.01,0.01,0.01,0
1782147997,0.01,0.01,0.01,0.01,0
1782148297,0.01,0.01,0.01,0.01,0
1782148597,0.01,0.01,0.01,0.01,0
1782148897,0.01,0.01,0.01,0.01,0
1782149197,0.01,0.01,0.01,0.01,0
1782149497,0.01,0.01,0.01,0.01,0
1782149797,0.01,0.01,0.01,0.01,0
1782150097,0.01,0.01,0.01,0.01,0
1782150397,0.01,0.01,0.01,0.01,0
1782150697,0.01,0.01,0.01,0.01,0
1782150997,0.01,0.01,0.01,0.01,0
1782151297,0.01,0.01,0.01,0.01,0
1782151597,0.01,0.01,0.01,0.01,0
1782151897,0.01,0.01,0.01,0.01,0
1782152197,0.01,0.01,0.01,0.01,0
1782152497,0.01,0.01,0.01,0.01,0
1782152797,0.01,0.01,0.01,0.01,0
1782153097,0.01,0.01,0.01,0.01,0
1782153397,0.01,0.01,0.01,0.01,0
1782153697,0.01,0.01,0.01,0.01,0
1782153997,0.01,0.01,0.01,0.01,0
1782154297,0.01,0.01,0.01,0.01,0
1782154597,0.01,0.01,0.01,0.01,0
1782154897,0.01,0.01,0.01,0.01,0
1782155197,0.01,0.01,0.01,0.01,0
1782155497,0.01,0.01,0.01,0.01,0
1782155797,0.01,0.01,0.01,0.01,0
1782156097,0.01,0.01,0.01,0.01,0
1782156397,0.01,0.01,0.01,0.01,0
1782156697,0.01,0.01,0.01,0.01,0
1782156997,0.01,0.01,0.01,0.01,0
1782157297,0.01,0.01,0.01,0.01,0
1782157597,0.01,0.01,0.01,0.01,0
1782157897,0.01,0.01,0.01,0.01,0
1782158197,0.01,0.01,0.01,0.01,0
1782158497,0.01,0.01,0.01,0.01,0
1782158797,0.01,0.01,0.01,0.01,0
1782159097,0.01,0.01,0.01,0.01,0
1782159397,0.01,0.01,0.01,0.01,0
1782159697,0.01,0.01,0.01,0.01,0
1782159997,0.01,0.01,0.01,0.01,0
1782160297,0.01,0.01,0.01,0.01,0
1782160597,0.01,0.01,0.01,0.01,0
1782160897,0.01,0.01,0.01,0.01,0
1782161197,0.01,0.01,0.01,0.01,0
1782161497,0.01,0.01,0.01,0.01,0
1782161797,0.01,0.01,0.01,0.01,0
1782162097,0.01,0.01,0.01,0.01,0
1782162397,0.01,0.01,0.01,0.01,0
1782162697,0.01,0.01,0.01,0.01,0
1782162997,0.01,0.01,0.01,0.01,0
1782163297,0.01,0.01,0.01,0.01,0
1782163597,0.01,0.01,0.01,0.01,0
1782163897,0.01,0.01,0.01,0.01,0
1782164197,0.01,0.01,0.01,0.01,0
1782164497,0.01,0.01,0.01,0.01,0
1782164797,0.01,0.01,0.01,0.01,0
1782165097,0.01,0.01,0.01,0.01,0
1782165397,0.01,0.01,0.01,0.01,0
1782165697,0.01,0.01,0.01,0.01,0
1782165997,0.01,0.01,0.01,0.01,0
1782166297,0.01,0.01,0.01,0.01,0
1782166597,0.01,0.01,0.01,0.01,0
1782166897,0.01,0.01,0.01,0.01,0
1782167197,0.01,0.01,0.01,0.01,0
1782167497,0.01,0.01,0.01,0.01,0
1782167797,0.01,0.01,0.01,0.01,0
1782168097,0.01,0.01,0.01,0.01,0
1782168397,0.01,0.01,0.01,0.01,0
1782168697,0.01,0.01,0.01,0.01,0
1782168997,0.01,0.01,0.01,0.01,0
1782169297,0.01,0.01,0.01,0.01,0
1782169597,0.01,0.01,0.01,0.01,0
1782169897,0.01,0.01,0.01,0.01,0
1782170197,0.01,0.01,0.01,0.01,0
1782170497,0.01,0.01,0.01,0.01,0
1782170797,0.01,0.01,0.01,0.01,0
1782171097,0.01,0.01,0.01,0.01,0
1782171397,0.01,0.01,0.01,0.01,0
1782171697,0.01,0.01,0.01,0.01,0
1782171997,0.01,0.01,0.01,0.01,0
1782172297,0.01,0.01,0.01,0.01,0
1782172597,0.01,0.01,0.01,0.01,0
1782172897,0.01,0.01,0.01,0.01,0
1782173197,0.01,0.01,0.01,0.01,0
1782173497,0.01,0.01,0.01,0.01,0
1782173797,0.01,0.01,0.01,0.01,0
1782174097,0.01,0.01,0.01,0.01,0
1782174397,0.01,0.01,0.01,0.01,0
1782174697,0.01,0.01,0.01,0.01,0
1782174997,0.01,0.01,0.01,0.01,0
1782175297,0.01,0.01,0.01,0.01,0
1782175597,0.01,0.01,0.01,0.01,0
1782175897,0.01,0.01,0.01,0.01,0
1782176197,0.01,0.01,0.01,0.01,0
1782176497,0.01,0.01,0.01,0.01,0
1782176797,0.01,0.01,0.01,0.01,0
1782177097,0.01,0.01,0.01,0.01,0
1782177397,0.01,0.01,0.01,0.01,0
1782177697,0.01,0.01,0.01,0.01,0
1782177997,0.01,0.01,0.01,0.01,0
1782178297,0.01,0.01,0.01,0.01,0
1782178597,0.01,0.01,0.01,0.01,0
1782178897,0.01,0.01,0.01,0.01,0
1782179197,0.01,0.01,0.01,0.01,0
1782179497,0.01,0.01,0.01,0.01,0
1782179797,0.01,0.01,0.01,0.01,0
1782180097,0.01,0.01,0.01,0.01,0
1782180397,0.01,0.01,0.01,0.01,0
1782180697,0.01,0.01,0.01,0.01,0
1782180997,0.01,0.01,0.01,0.01,0
1782181297,0.01,0.01,0.01,0.01,0
1782181597,0.01,0.01,0.01,0.01,0
1782181897,0.01,0.01,0.01,0.01,0
1782182197,0.01,0.01,0.01,0.01,0
1782182497,0.01,0.01,0.01,0.01,0
1782182797,0.01,0.01,0.01,0.01,0
1782183097,0.01,0.01,0.01,0.01,0
1782183397,0.01,0.01,0.01,0.01,0
1782183697,0.01,0.01,0.01,0.01,0
1782183997,0.01,0.01,0.01,0.01,0
1782184297,0.01,0.01,0.01,0.01,0
1782184597,0.01,0.01,0.01,0.01,0
1782184897,0.01,0.01,0.01,0.01,0
1782185197,0.01,0.01,0.01,0.01,0
1782185497,0.01,0.01,0.01,0.01,0
1782185797,0.01,0.01,0.01,0.01,0
1782186097,0.01,0.01,0.01,0.01,0
1782186397,0.01,0.01,0.01,0.01,0
1782186697,0.01,0.01,0.01,0.01,0
1782186997,0.01,0.01,0.01,0.01,0
1782187297,0.01,0.01,0.01,0.01,0
1782187597,0.01,0.01,0.01,0.01,0
1782187897,0.01,0.01,0.01,0.01,0
1782188197,0.01,0.01,0.01,0.01,0
1782188497,0.01,0.01,0.01,0.01,0
1782188797,0.01,0.01,0.01,0.01,0
1782189097,0.01,0.01,0.01,0.01,0
1782189397,0.01,0.01,0.01,0.01,0
1782189697,0.01,0.01,0.01,0.01,0
1782189997,0.01,0.01,0.01,0.01,0
1782190297,0.01,0.01,0.01,0.01,0
1782190597,0.01,0.01,0.01,0.01,0
1782190897,0.01,0.01,0.01,0.01,0
1782191197,0.01,0.01,0.01,0.01,0
1782191497,0.01,0.01,0.01,0.01,0
1782191797,0.01,0.01,0.01,0.01,0
1782192097,0.01,0.01,0.01,0.01,0
1782192397,0.01,0.01,0.01,0.01,0
1782192697,0.01,0.01,0.01,0.01,0
1782192997,0.01,0.01,0.01,0.01,0
1782193297,0.01,0.01,0.01,0.01,0
1782193597,0.01,0.01,0.01,0.01,0
1782193897,0.01,0.01,0.01,0.01,0
1782194197,0.01,0.01,0.01,0.01,0
1782194497,0.01,0.01,0.01,0.01,0
1782194797,0.01,0.01,0.01,0.01,0
1782195097,0.01,0.01,0.01,0.01,0
1782195397,0.01,0.01,0.01,0.01,0
1782195697,0.01,0.01,0.01,0.01,0
1782195997,0.01,0.01,0.01,0.01,0
1782196918,0.01,0.01,0.01,0.01,0
1782197218,0.01,0.01,0.01,0.01,0
1782197518,0.01,0.01,0.01,0.01,0
1782197818,0.01,0.01,0.01,0.01,0
1782198118,0.01,0.01,0.01,0.01,0
1782198418,0.01,0.01,0.01,0.01,0
1782198718,0.01,0.01,0.01,0.01,0
1782199018,0.01,0.01,0.01,0.01,0
1782199318,0.01,0.01,0.01,0.01,0
1782199618,0.01,0.01,0.01,0.01,0
1782199918,0.01,0.01,0.01,0.01,0
1782200218,0.01,0.01,0.01,0.01,0
1782200518,0.01,0.01,0.01,0.01,0
1782200818,0.01,0.01,0.01,0.01,0
1782201118,0.01,0.01,0.01,0.01,0
1782201418,0.01,0.01,0.01,0.01,0
1782201718,0.01,0.01,0.01,0.01,0
1782202018,0.01,0.01,0.01,0.01,0
1782202318,0.01,0.01,0.01,0.01,0
1782202618,0.01,0.01,0.01,0.01,0
1782202918,0.01,0.01,0.01,0.01,0
1782203218,0.01,0.01,0.01,0.01,0
1782203518,0.01,0.01,0.01,0.01,0
1782203818,0.01,0.01,0.01,0.01,0
1782204118,0.0099790033,0.0099790033,0.0099790033,0.0099790033,0
1782204418,0.0096754954,0.0096754954,0.0096754954,0.0096754954,0
1782204718,0.0093434529,0.0093434529,0.0093434529,0.0093434529,0
1782205018,0.009024307,0.009024307,0.009024307,0.009024307,0
1782205318,0.0088168713,0.0088168713,0.0088168713,0.0088168713,0
1782205618,0.0085749796,0.0085749796,0.0085749796,0.0085749796,0
1782205918,0.0083674403,0.0083674403,0.0083674403,0.0083674403,0
1782206218,0.0081592114,0.0081592114,0.0081592114,0.0081592114,0
1782206518,0.0079179948,0.0079179948,0.0079179948,0.0079179948,0
1782206818,0.0076575742,0.0076575742,0.0076575742,0.0076575742,0
1782207118,0.0074582301,0.0074582301,0.0074582301,0.0074582301,0
1782207418,0.007290799,0.007290799,0.007290799,0.007290799,0
1782207718,0.0070970303,0.0070970303,0.0070970303,0.0070970303,0
1782208018,0.0069940918,0.0069940918,0.0069940918,0.0069940918,0
1782208318,0.0069664601,0.0069664601,0.0069664601,0.0069664601,0
1782208618,0.0069283218,0.0069283218,0.0069283218,0.0069283218,0
1782208918,0.006842537,0.006842537,0.006842537,0.006842537,0
1782209218,0.0067423657,0.0067423657,0.0067423657,0.0067423657,0
1782209518,0.0066958362,0.0066958362,0.0066958362,0.0066958362,0
1782209818,0.0065507362,0.0065507362,0.0065507362,0.0065507362,0
1782210136,0.006545939,0.006545939,0.006545939,0.006545939,0
1782210436,0.0065083976,0.0065083976,0.0065083976,0.0065083976,0
1782210736,0.0064025381,0.0064025381,0.0064025381,0.0064025381,0
1782211036,0.0064175964,0.0064175964,0.0064175964,0.0064175964,0
1782211336,0.0063999803,0.0063999803,0.0063999803,0.0063999803,0
1782211636,0.0064548381,0.0064548381,0.0064548381,0.0064548381,0
1782211936,0.0065365648,0.0065365648,0.0065365648,0.0065365648,0
1782212236,0.0064803346,0.0064803346,0.0064803346,0.0064803346,0
1782212536,0.006400679,0.006400679,0.006400679,0.006400679,0
1782212836,0.0063283705,0.0063283705,0.0063283705,0.0063283705,0
1782213136,0.0062857584,0.0062857584,0.0062857584,0.0062857584,0
1782213436,0.0062076252,0.0062076252,0.0062076252,0.0062076252,0
1782213736,0.006178898,0.006178898,0.006178898,0.006178898,0
1782214036,0.0061020332,0.0061020332,0.0061020332,0.0061020332,0
1782214336,0.0060823028,0.0060823028,0.0060823028,0.0060823028,0
1782214636,0.0060105491,0.0060105491,0.0060105491,0.0060105491,0
1782214936,0.0059645946,0.0059645946,0.0059645946,0.0059645946,0
1782215236,0.0059896035,0.0059896035,0.0059896035,0.0059896035,0
1782215536,0.0060239455,0.0060239455,0.0060239455,0.0060239455,0
1782215836,0.0061491946,0.0061491946,0.0061491946,0.0061491946,0
1782216136,0.0062816015,0.0062816015,0.0062816015,0.0062816015,0
1782216436,0.0065144437,0.0065144437,0.0065144437,0.0065144437,0
1782216736,0.0067594402,0.0067594402,0.0067594402,0.0067594402,0
1782217036,0.0069713363,0.0069713363,0.0069713363,0.0069713363,0
1782217336,0.0072100728,0.0072100728,0.0072100728,0.0072100728,0
1782217636,0.0073877465,0.0073877465,0.0073877465,0.0073877465,0
1782217936,0.0075842296,0.0075842296,0.0075842296,0.0075842296,0
1782218236,0.0077409551,0.0077409551,0.0077409551,0.0077409551,0
1782218536,0.007938347,0.007938347,0.007938347,0.007938347,0
1782218836,0.0081728051,0.0081728051,0.0081728051,0.0081728051,0
1782219136,0.0083543067,0.0083543067,0.0083543067,0.0083543067,0
1782219436,0.0085497041,0.0085497041,0.0085497041,0.0085497041,0
1782219736,0.0086247895,0.0086247895,0.0086247895,0.0086247895,0
1782220036,0.0087945249,0.0087945249,0.0087945249,0.0087945249,0
1782220336,0.0089316701,0.0089316701,0.0089316701,0.0089316701,0
1782220636,0.0091074826,0.0091074826,0.0091074826,0.0091074826,0
1782220936,0.0092495983,0.0092495983,0.0092495983,0.0092495983,0
1782221236,0.009329887,0.009329887,0.009329887,0.009329887,0
1782221536,0.0094145346,0.0094145346,0.0094145346,0.0094145346,0
1782221836,0.0093792778,0.0093792778,0.0093792778,0.0093792778,0
1782222136,0.0094857199,0.0094857199,0.0094857199,0.0094857199,0
1782222436,0.0095938416,0.0095938416,0.0095938416,0.0095938416,0
1782222736,0.0096027983,0.0096027983,0.0096027983,0.0096027983,0
1782223036,0.0096815947,0.0096815947,0.0096815947,0.0096815947,0
1782223336,0.0096862979,0.0096862979,0.0096862979,0.0096862979,0
1782223636,0.009724481,0.009724481,0.009724481,0.009724481,0
1782223936,0.009805809,0.009805809,0.009805809,0.009805809,0
1782224236,0.0098513195,0.0098513195,0.0098513195,0.0098513195,0
1782224536,0.0097602224,0.0097602224,0.0097602224,0.0097602224,0
1782224836,0.0097345759,0.0097345759,0.0097345759,0.0097345759,0
1782225136,0.0098316336,0.0098316336,0.0098316336,0.0098316336,0
1782225436,0.0098608347,0.0098608347,0.0098608347,0.0098608347,0
1782225736,0.0099636362,0.0099636362,0.0099636362,0.0099636362,0
1782226036,0.0099578339,0.0099578339,0.0099578339,0.0099578339,0
1782226336,0.009939292,0.009939292,0.009939292,0.009939292,0
1782226636,0.01,0.01,0.01,0.01,0
1782226936,0.01,0.01,0.01,0.01,0
1782227236,0.01,0.01,0.01,0.01,0
1782227536,0.01,0.01,0.01,0.01,0
1782227836,0.01,0.01,0.01,0.01,0
1782228136,0.01,0.01,0.01,0.01,0
1782228436,0.01,0.01,0.01,0.01,0
1782228736,0.01,0.01,0.01,0.01,0
1782229036,0.01,0.01,0.01,0.01,0
1782229336,0.01,0.01,0.01,0.01,0
1782229636,0.01,0.01,0.01,0.01,0
1782229936,0.01,0.01,0.01,0.01,0
1782230236,0.01,0.01,0.01,0.01,0
1782230536,0.01,0.01,0.01,0.01,0
1782230836,0.01,0.01,0.01,0.01,0
1782231136,0.01,0.01,0.01,0.01,0
1782231436,0.01,0.01,0.01,0.01,0
1782231736,0.01,0.01,0.01,0.01,0
1782232036,0.01,0.01,0.01,0.01,0
1782232336,0.01,0.01,0.01,0.01,0
1782232636,0.01,0.01,0.01,0.01,0
1782232936,0.01,0.01,0.01,0.01,0
1782233236,0.01,0.01,0.01,0.01,0
1782233536,0.01,0.01,0.01,0.01,0
1782233836,0.01,0.01,0.01,0.01,0
1782234136,0.01,0.01,0.01,0.01,0
1782234436,0.01,0.01,0.01,0.01,0
1782234736,0.01,0.01,0.01,0.01,0
1782235036,0.01,0.01,0.01,0.01,0
1782235336,0.01,0.01,0.01,0.01,0
1782235636,0.01,0.01,0.01,0.01,0
1782235936,0.01,0.01,0.01,0.01,0
1782236236,0.01,0.01,0.01,0.01,0
1782236536,0.01,0.01,0.01,0.01,0
1782236836,0.01,0.01,0.01,0.01,0
1782237136,0.01,0.01,0.01,0.01,0
1782237436,0.01,0.01,0.01,0.01,0
1782237736,0.01,0.01,0.01,0.01,0
1782238036,0.01,0.01,0.01,0.01,0
1782238336,0.01,0.01,0.01,0.01,0
1782238636,0.01,0.01,0.01,0.01,0
1782238936,0.01,0.01,0.01,0.01,0
1782239236,0.01,0.01,0.01,0.01,0
1782239536,0.01,0.01,0.01,0.01,0
1782239836,0.01,0.01,0.01,0.01,0
1782240136,0.01,0.01,0.01,0.01,0
1782240436,0.01,0.01,0.01,0.01,0
1782240736,0.01,0.01,0.01,0.01,0
1782241036,0.01,0.01,0.01,0.01,0
1782241336,0.01,0.01,0.01,0.01,0
1782241636,0.01,0.01,0.01,0.01,0
1782241936,0.01,0.01,0.01,0.01,0
1782242236,0.01,0.01,0.01,0.01,0
1782242536,0.01,0.01,0.01,0.01,0
1782242836,0.01,0.01,0.01,0.01,0
1782243136,0.01,0.01,0.01,0.01,0
1782243436,0.01,0.01,0.01,0.01,0
1782243736,0.01,0.01,0.01,0.01,0
1782244036,0.01,0.01,0.01,0.01,0
1782244336,0.01,0.01,0.01,0.01,0
1782244636,0.01,0.01,0.01,0.01,0
1782244936,0.01,0.01,0.01,0.01,0
1782245236,0.01,0.01,0.01,0.01,0
1782245536,0.01,0.01,0.01,0.01,0
1782245836,0.01,0.01,0.01,0.01,0
1782246136,0.01,0.01,0.01,0.01,0
1782246436,0.01,0.01,0.01,0.01,0
1782246736,0.01,0.01,0.01,0.01,0
1782247036,0.01,0.01,0.01,0.01,0
1782247336,0.01,0.01,0.01,0.01,0
1782247636,0.01,0.01,0.01,0.01,0
1782247936,0.01,0.01,0.01,0.01,0
1782248236,0.01,0.01,0.01,0.01,0
1782248536,0.01,0.01,0.01,0.01,0
1782248836,0.01,0.01,0.01,0.01,0
1782249136,0.01,0.01,0.01,0.01,0
1782249436,0.01,0.01,0.01,0.01,0
1782249736,0.01,0.01,0.01,0.01,0
1782250036,0.01,0.01,0.01,0.01,0
1782250336,0.01,0.01,0.01,0.01,0
1782250636,0.01,0.01,0.01,0.01,0
1782250936,0.01,0.01,0.01,0.01,0
1782251236,0.01,0.01,0.01,0.01,0
1782251536,0.01,0.01,0.01,0.01,0
1782251836,0.01,0.01,0.01,0.01,0
1782252136,0.01,0.01,0.01,0.01,0
1782252436,0.01,0.01,0.01,0.01,0
1782252736,0.01,0.01,0.01,0.01,0
1782253036,0.01,0.01,0.01,0.01,0
1782253336,0.01,0.01,0.01,0.01,0
1782253636,0.01,0.01,0.01,0.01,0
1782253936,0.01,0.01,0.01,0.01,0
1782254236,0.01,0.01,0.01,0.01,0
1782254536,0.01,0.01,0.01,0.01,0
1782254836,0.01,0.01,0.01,0.01,0
1782255136,0.01,0.01,0.01,0.01,0
1782255436,0.01,0.01,0.01,0.01,0
1782255736,0.01,0.01,0.01,0.01,0
1782256036,0.01,0.01,0.01,0.01,0
1782256336,0.01,0.01,0.01,0.01,0
1782256636,0.01,0.01,0.01,0.01,0
1782256936,0.01,0.01,0.01,0.01,0
1782257236,0.01,0.01,0.01,0.01,0
1782257536,0.01,0.01,0.01,0.01,0
1782257836,0.01,0.01,0.01,0.01,0
1782258136,0.01,0.01,0.01,0.01,0
1782258436,0.01,0.01,0.01,0.01,0
1782258736,0.01,0.01,0.01,0.01,0
1782259036,0.01,0.01,0.01,0.01,0
1782259336,0.01,0.01,0.01,0.01,0
1782259636,0.01,0.01,0.01,0.01,0
1782259936,0.01,0.01,0.01,0.01,0
1782260236,0.01,0.01,0.01,0.01,0
1782260536,0.01,0.01,0.01,0.01,0
1782260836,0.01,0.01,0.01,0.01,0
1782261136,0.01,0.01,0.01,0.01,0
1782261436,0.01,0.01,0.01,0.01,0
1782261736,0.01,0.01,0.01,0.01,0
1782262036,0.01,0.01,0.01,0.01,0
1782262336,0.01,0.01,0.01,0.01,0
1782262636,0.01,0.01,0.01,0.01,0
1782262936,0.01,0.01,0.01,0.01,0
1782263236,0.01,0.01,0.01,0.01,0
1782263536,0.01,0.01,0.01,0.01,0
1782263836,0.01,0.01,0.01,0.01,0
1782264136,0.01,0.01,0.01,0.01,0
1782264436,0.01,0.01,0.01,0.01,0
1782264736,0.01,0.01,0.01,0.01,0
1782265036,0.01,0.01,0.01,0.01,0
1782265336,0.01,0.01,0.01,0.01,0
1782265636,0.01,0.01,0.01,0.01,0
1782265936,0.01,0.01,0.01,0.01,0
1782266236,0.01,0.01,0.01,0.01,0
1782266536,0.01,0.01,0.01,0.01,0
1782266836,0.01,0.01,0.01,0.01,0
1782267136,0.0098663185,0.0098663185,0.0098663185,0.0098663185,0
1782267436,0.0098158533,0.0098158533,0.0098158533,0.0098158533,0
1782267736,0.00976734,0.00976734,0.00976734,0.00976734,0
1782268036,0.009758793,0.009758793,0.009758793,0.009758793,0
1782268336,0.0098168816,0.0098168816,0.0098168816,0.0098168816,0
1782268636,0.009763318,0.009763318,0.009763318,0.009763318,0
1782268936,0.0097375192,0.0097375192,0.0097375192,0.0097375192,0
1782269236,0.0098183756,0.0098183756,0.0098183756,0.0098183756,0
1782269536,0.0098225406,0.0098225406,0.0098225406,0.0098225406,0
1782269836,0.0098906536,0.0098906536,0.0098906536,0.0098906536,0
1782270136,0.0098393267,0.0098393267,0.0098393267,0.0098393267,0
1782270436,0.0098398717,0.0098398717,0.0098398717,0.0098398717,0
1782270736,0.0097729541,0.0097729541,0.0097729541,0.0097729541,0
1782271036,0.0098360987,0.0098360987,0.0098360987,0.0098360987,0
1782271336,0.0098369874,0.0098369874,0.0098369874,0.0098369874,0
1782271636,0.0098872524,0.0098872524,0.0098872524,0.0098872524,0
1782271936,0.0099813769,0.0099813769,0.0099813769,0.0099813769,0
1782272236,0.01,0.01,0.01,0.01,0
1782272536,0.01,0.01,0.01,0.01,0
1782272836,0.01,0.01,0.01,0.01,0
1782273136,0.01,0.01,0.01,0.01,0
1782273436,0.01,0.01,0.01,0.01,0
1782273736,0.01,0.01,0.01,0.01,0
1782274036,0.01,0.01,0.01,0.01,0
1782274336,0.01,0.01,0.01,0.01,0
1782274636,0.01,0.01,0.01,0.01,0
1782274936,0.01,0.01,0.01,0.01,0
1782275236,0.01,0.01,0.01,0.01,0
1782275536,0.01,0.01,0.01,0.01,0
1782275836,0.01,0.01,0.01,0.01,0
1782276136,0.01,0.01,0.01,0.01,0
1782276436,0.01,0.01,0.01,0.01,0
1782276736,0.01,0.01,0.01,0.01,0
1782277036,0.01,0.01,0.01,0.01,0
1782277336,0.01,0.01,0.01,0.01,0
1782277636,0.01,0.01,0.01,0.01,0
1782277936,0.01,0.01,0.01,0.01,0
1782278236,0.01,0.01,0.01,0.01,0
1782278536,0.01,0.01,0.01,0.01,0
1782278836,0.01,0.01,0.01,0.01,0
1782279136,0.01,0.01,0.01,0.01,0
1782279436,0.01,0.01,0.01,0.01,0
1782279736,0.01,0.01,0.01,0.01,0
1782280036,0.01,0.01,0.01,0.01,0
1782280336,0.01,0.01,0.01,0.01,0
1782280636,0.01,0.01,0.01,0.01,0
1782280936,0.01,0.01,0.01,0.01,0
1782281236,0.01,0.01,0.01,0.01,0
1782281536,0.01,0.01,0.01,0.01,0
1782281836,0.01,0.01,0.01,0.01,0
1782282136,0.01,0.01,0.01,0.01,0
1782282436,0.01,0.01,0.01,0.01,0
1782282736,0.01,0.01,0.01,0.01,0
1782283036,0.01,0.01,0.01,0.01,0
1782283336,0.01,0.01,0.01,0.01,0
1782283636,0.01,0.01,0.01,0.01,0
1782283936,0.01,0.01,0.01,0.01,0
1782284236,0.01,0.01,0.01,0.01,0
1782284536,0.01,0.01,0.01,0.01,0
1782284836,0.01,0.01,0.01,0.01,0
1782285136,0.01,0.01,0.01,0.01,0
1782285436,0.01,0.01,0.01,0.01,0
1782285736,0.01,0.01,0.01,0.01,0
1782286036,0.01,0.01,0.01,0.01,0
1782286336,0.01,0.01,0.01,0.01,0
1782286636,0.01,0.01,0.01,0.01,0
1782286936,0.01,0.01,0.01,0.01,0
1782287236,0.01,0.01,0.01,0.01,0
1782287536,0.01,0.01,0.01,0.01,0
1782287836,0.01,0.01,0.01,0.01,0
1782288136,0.01,0.01,0.01,0.01,0
1782288436,0.01,0.01,0.01,0.01,0
1782288736,0.01,0.01,0.01,0.01,0
1782289036,0.01,0.01,0.01,0.01,0
1782289336,0.01,0.01,0.01,0.01,0
1782289636,0.01,0.01,0.01,0.01,0
1782289936,0.01,0.01,0.01,0.01,0
1782290236,0.01,0.01,0.01,0.01,0
1782290536,0.01,0.01,0.01,0.01,0
1782290836,0.01,0.01,0.01,0.01,0
1782291136,0.01,0.01,0.01,0.01,0
1782291436,0.01,0.01,0.01,0.01,0
1782291736,0.01,0.01,0.01,0.01,0
1782292036,0.01,0.01,0.01,0.01,0
1782292336,0.01,0.01,0.01,0.01,0
1782292636,0.01,0.01,0.01,0.01,0
1782292936,0.01,0.01,0.01,0.01,0
1782293236,0.01,0.01,0.01,0.01,0
1782293536,0.01,0.01,0.01,0.01,0
1782293836,0.01,0.01,0.01,0.01,0
1782294136,0.01,0.01,0.01,0.01,0
1782294436,0.01,0.01,0.01,0.01,0
1782294736,0.01,0.01,0.01,0.01,0
1782295036,0.01,0.01,0.01,0.01,0
1782295336,0.01,0.01,0.01,0.01,0
1782295636,0.01,0.01,0.01,0.01,0
1782295936,0.01,0.01,0.01,0.01,0
1782296236,0.01,0.01,0.01,0.01,0
1782296536,0.01,0.01,0.01,0.01,0
1782296836,0.01,0.01,0.01,0.01,0
1782297136,0.01,0.01,0.01,0.01,0
1782297436,0.01,0.01,0.01,0.01,0
1782297736,0.01,0.01,0.01,0.01,0
1782298036,0.01,0.01,0.01,0.01,0
1782298336,0.01,0.01,0.01,0.01,0
1782298636,0.01,0.01,0.01,0.01,0
1782298936,0.01,0.01,0.01,0.01,0
1782299236,0.01,0.01,0.01,0.01,0
1782299536,0.01,0.01,0.01,0.01,0
1782299836,0.01,0.01,0.01,0.01,0
1782300136,0.01,0.01,0.01,0.01,0
1782300436,0.01,0.01,0.01,0.01,0
1782300736,0.01,0.01,0.01,0.01,0
1782301036,0.01,0.01,0.01,0.01,0
1782301336,0.01,0.01,0.01,0.01,0
1782301636,0.01,0.01,0.01,0.01,0
1782301936,0.01,0.01,0.01,0.01,0
1782302236,0.01,0.01,0.01,0.01,0
1782302536,0.01,0.01,0.01,0.01,0
1782302836,0.01,0.01,0.01,0.01,0
1782303136,0.01,0.01,0.01,0.01,0
1782303436,0.01,0.01,0.01,0.01,0
1782303736,0.01,0.01,0.01,0.01,0
1782304036,0.01,0.01,0.01,0.01,0
1782304336,0.01,0.01,0.01,0.01,0
1782304636,0.01,0.01,0.01,0.01,0
1782304936,0.01,0.01,0.01,0.01,0
1782305236,0.01,0.01,0.01,0.01,0
1782305536,0.01,0.01,0.01,0.01,0
1782305836,0.01,0.01,0.01,0.01,0
1782306136,0.01,0.01,0.01,0.01,0
1782306436,0.01,0.01,0.01,0.01,0
1782306736,0.01,0.01,0.01,0.01,0
1782307036,0.01,0.01,0.01,0.01,0
1782307336,0.01,0.01,0.01,0.01,0
1782307636,0.01,0.01,0.01,0.01,0
1782307936,0.01,0.01,0.01,0.01,0
1782308236,0.01,0.01,0.01,0.01,0
1782308536,0.01,0.01,0.01,0.01,0
1782308836,0.01,0.01,0.01,0.01,0
1782309136,0.01,0.01,0.01,0.01,0
1782309436,0.01,0.01,0.01,0.01,0
1782309736,0.01,0.01,0.01,0.01,0
1782310036,0.01,0.01,0.01,0.01,0
1782310336,0.01,0.01,0.01,0.01,0
1782310636,0.01,0.01,0.01,0.01,0
1782310936,0.01,0.01,0.01,0.01,0
1782311236,0.01,0.01,0.01,0.01,0
1782311536,0.01,0.01,0.01,0.01,0
1782311836,0.01,0.01,0.01,0.01,0
1782312136,0.01,0.01,0.01,0.01,0
1782312436,0.01,0.01,0.01,0.01,0
1782312736,0.01,0.01,0.01,0.01,0
1782313036,0.01,0.01,0.01,0.01,0
1782313336,0.01,0.01,0.01,0.01,0
1782313636,0.01,0.01,0.01,0.01,0
1782313936,0.01,0.01,0.01,0.01,0
1782314236,0.01,0.01,0.01,0.01,0
1782314536,0.01,0.01,0.01,0.01,0
1782314836,0.01,0.01,0.01,0.01,0
1782315136,0.01,0.01,0.01,0.01,0
1782315436,0.01,0.01,0.01,0.01,0
1782315736,0.01,0.01,0.01,0.01,0
1782316036,0.01,0.01,0.01,0.01,0
1782316336,0.01,0.01,0.01,0.01,0
1782316636,0.01,0.01,0.01,0.01,0
1782316936,0.01,0.01,0.01,0.01,0
1782317236,0.01,0.01,0.01,0.01,0
1782317536,0.01,0.01,0.01,0.01,0
1782317836,0.01,0.01,0.01,0.01,0
1782318136,0.01,0.01,0.01,0.01,0
1782318436,0.01,0.01,0.01,0.01,0
1782318736,0.01,0.01,0.01,0.01,0
1782319036,0.01,0.01,0.01,0.01,0
1782319336,0.01,0.01,0.01,0.01,0
1782319636,0.01,0.01,0.01,0.01,0
1782319936,0.01,0.01,0.01,0.01,0
1782320236,0.01,0.01,0.01,0.01,0
1782320536,0.01,0.01,0.01,0.01,0
1782320836,0.01,0.01,0.01,0.01,0
1782321136,0.01,0.01,0.01,0.01,0
1782321436,0.01,0.01,0.01,0.01,0
1782321736,0.01,0.01,0.01,0.01,0
1782322036,0.01,0.01,0.01,0.01,0
1782322336,0.01,0.01,0.01,0.01,0
1782322636,0.01,0.01,0.01,0.01,0
1782322936,0.01,0.01,0.01,0.01,0
1782323236,0.01,0.01,0.01,0.01,0
1782323536,0.01,0.01,0.01,0.01,0
1782323836,0.01,0.01,0.01,0.01,0
1782324136,0.0098418175,0.0098418175,0.0098418175,0.0098418175,0
1782324436,0.0095083151,0.0095083151,0.0095083151,0.0095083151,0
1782324736,0.0092464297,0.0092464297,0.0092464297,0.0092464297,0
1782325036,0.0089086911,0.0089086911,0.0089086911,0.0089086911,0
1782325336,0.0087635978,0.0087635978,0.0087635978,0.0087635978,0
1782325636,0.0084422781,0.0084422781,0.0084422781,0.0084422781,0
1782325936,0.00829445,0.00829445,0.00829445,0.00829445,0
1782326236,0.0082131608,0.0082131608,0.0082131608,0.0082131608,0
1782326536,0.0080134296,0.0080134296,0.0080134296,0.0080134296,0
1782326836,0.0078754238,0.0078754238,0.0078754238,0.0078754238,0
1782327136,0.0077748268,0.0077748268,0.0077748268,0.0077748268,0
1782327436,0.0076715057,0.0076715057,0.0076715057,0.0076715057,0
1782327736,0.0075509845,0.0075509845,0.0075509845,0.0075509845,0
1782328036,0.0074622048,0.0074622048,0.0074622048,0.0074622048,0
1782328336,0.0073499857,0.0073499857,0.0073499857,0.0073499857,0
1782328636,0.0071247827,0.0071247827,0.0071247827,0.0071247827,0
1782328936,0.0070729206,0.0070729206,0.0070729206,0.0070729206,0
1782329236,0.0071418487,0.0071418487,0.0071418487,0.0071418487,0
1782329536,0.007120672,0.007120672,0.007120672,0.007120672,0
1782329836,0.0069889025,0.0069889025,0.0069889025,0.0069889025,0
1782330136,0.0068963502,0.0068963502,0.0068963502,0.0068963502,0
1782330436,0.0067658095,0.0067658095,0.0067658095,0.0067658095,0
1782330736,0.0066611377,0.0066611377,0.0066611377,0.0066611377,0
1782331036,0.0065962124,0.0065962124,0.0065962124,0.0065962124,0
1782331336,0.0064490308,0.0064490308,0.0064490308,0.0064490308,0
1782331636,0.0064050173,0.0064050173,0.0064050173,0.0064050173,0
1782331936,0.0063657824,0.0063657824,0.0063657824,0.0063657824,0
1782332236,0.0063709279,0.0063709279,0.0063709279,0.0063709279,0
1782332536,0.0063330321,0.0063330321,0.0063330321,0.0063330321,0
1782332836,0.0062616538,0.0062616538,0.0062616538,0.0062616538,0
1782333136,0.0062563976,0.0062563976,0.0062563976,0.0062563976,0
1782333283,0.0062745176,0.0062745176,0.0062745176,0.0062745176,0
1782333583,0.006292454,0.006292454,0.006292454,0.006292454,0
1782333883,0.0063141933,0.0063141933,0.0063141933,0.0063141933,0
1782334183,0.0063763465,0.0063763465,0.0063763465,0.0063763465,0
1782334483,0.0063637424,0.0063637424,0.0063637424,0.0063637424,0
1782334783,0.0062705694,0.0062705694,0.0062705694,0.0062705694,0
1782335083,0.0061912021,0.0061912021,0.0061912021,0.0061912021,0
1782335383,0.0064218531,0.0064218531,0.0064218531,0.0064218531,0
1782335683,0.0064427516,0.0064427516,0.0064427516,0.0064427516,0
1782335983,0.0063811849,0.0063811849,0.0063811849,0.0063811849,0
1782336283,0.0064501933,0.0064501933,0.0064501933,0.0064501933,0
1782336583,0.0064922125,0.0064922125,0.0064922125,0.0064922125,0
1782336883,0.0064628673,0.0064628673,0.0064628673,0.0064628673,0
1782337183,0.0065894939,0.0065894939,0.0065894939,0.0065894939,0
1782337483,0.0066297031,0.0066297031,0.0066297031,0.0066297031,0
1782337783,0.0066365129,0.0066365129,0.0066365129,0.0066365129,0
1782338083,0.0066364654,0.0066364654,0.0066364654,0.0066364654,0
1782338383,0.0067885199,0.0067885199,0.0067885199,0.0067885199,0
1782338683,0.007000822,0.007000822,0.007000822,0.007000822,0
1782338983,0.0071213885,0.0071213885,0.0071213885,0.0071213885,0
1782339283,0.0072668684,0.0072668684,0.0072668684,0.0072668684,0
1782339583,0.0073747975,0.0073747975,0.0073747975,0.0073747975,0
1782339883,0.0074826839,0.0074826839,0.0074826839,0.0074826839,0
1782340183,0.0075790963,0.0075790963,0.0075790963,0.0075790963,0
1782340483,0.0076603295,0.0076603295,0.0076603295,0.0076603295,0
1782340783,0.0077227668,0.0077227668,0.0077227668,0.0077227668,0
1782341083,0.0078633433,0.0078633433,0.0078633433,0.0078633433,0
1782341383,0.0080431186,0.0080431186,0.0080431186,0.0080431186,0
1782341683,0.0082109643,0.0082109643,0.0082109643,0.0082109643,0
1782341983,0.0083914288,0.0083914288,0.0083914288,0.0083914288,0
1782342283,0.0086099344,0.0086099344,0.0086099344,0.0086099344,0
1782342583,0.0088082892,0.0088082892,0.0088082892,0.0088082892,0
1782342883,0.0090579122,0.0090579122,0.0090579122,0.0090579122,0
1782343183,0.009252074,0.009252074,0.009252074,0.009252074,0
1782343483,0.0094511191,0.0094511191,0.0094511191,0.0094511191,0
1782343783,0.0096154353,0.0096154353,0.0096154353,0.0096154353,0
1782344083,0.0097583041,0.0097583041,0.0097583041,0.0097583041,0
1782344383,0.0099386944,0.0099386944,0.0099386944,0.0099386944,0
1782344683,0.01,0.01,0.01,0.01,0
1782344983,0.01,0.01,0.01,0.01,0
1782345283,0.01,0.01,0.01,0.01,0
1782345583,0.01,0.01,0.01,0.01,0
1782345883,0.01,0.01,0.01,0.01,0
1782346183,0.01,0.01,0.01,0.01,0
1782346483,0.01,0.01,0.01,0.01,0
1782346783,0.01,0.01,0.01,0.01,0
1782347083,0.01,0.01,0.01,0.01,0
1782347383,0.01,0.01,0.01,0.01,0
1782347683,0.01,0.01,0.01,0.01,0
1782347983,0.01,0.01,0.01,0.01,0
1782348283,0.01,0.01,0.01,0.01,0
1782348583,0.01,0.01,0.01,0.01,0
1782348883,0.01,0.01,0.01,0.01,0
1782349183,0.01,0.01,0.01,0.01,0
1782349483,0.01,0.01,0.01,0.01,0
1782349783,0.01,0.01,0.01,0.01,0
1782350083,0.01,0.01,0.01,0.01,0
1782350383,0.01,0.01,0.01,0.01,0
1782350683,0.01,0.01,0.01,0.01,0
1782350983,0.01,0.01,0.01,0.01,0
1782351283,0.01,0.01,0.01,0.01,0
1782351583,0.01,0.01,0.01,0.01,0
1782351883,0.01,0.01,0.01,0.01,0
1782352183,0.01,0.01,0.01,0.01,0
