date,open,high,low,close,volume
1790240803,0.0040672773,0.0040672773,0.0040672773,0.0040672773,0
1790241103,0.0039778579,0.0039778579,0.0039778579,0.0039778579,0
1790241403,0.0038447888,0.0038447888,0.0038447888,0.0038447888,0
1790241703,0.0037971077,0.0037971077,0.0037971077,0.0037971077,0
1790242003,0.0037905153,0.0037905153,0.0037905153,0.0037905153,0
1790242303,0.0038733786,0.0038733786,0.0038733786,0.0038733786,0
1790242603,0.0038378568,0.0038378568,0.0038378568,0.0038378568,0
1790242903,0.0038976644,0.0038976644,0.0038976644,0.0038976644,0
1790243203,0.0039362645,0.0039362645,0.0039362645,0.0039362645,0
1790243503,0.0038924017,0.0038924017,0.0038924017,0.0038924017,0
1790243803,0.0038674467,0.0038674467,0.0038674467,0.0038674467,0
1790244103,0.0039550492,0.0039550492,0.0039550492,0.0039550492,0
1790244403,0.0040429801,0.0040429801,0.0040429801,0.0040429801,0
1790244703,0.0040162781,0.0040162781,0.0040162781,0.0040162781,0
1790245003,0.0040783537,0.0040783537,0.0040783537,0.0040783537,0
1790245303,0.0041334925,0.0041334925,0.0041334925,0.0041334925,0
1790245603,0.0041858535,0.0041858535,0.0041858535,0.0041858535,0
1790245903,0.0042655725,0.0042655725,0.0042655725,0.0042655725,0
1790246203,0.0042472232,0.0042472232,0.0042472232,0.0042472232,0
1790246503,0.004314862,0.004314862,0.004314862,0.004314862,0
1790246803,0.0044897531,0.0044897531,0.0044897531,0.0044897531,0
1790247103,0.0046998189,0.0046998189,0.0046998189,0.0046998189,0
1790247403,0.0049772155,0.0049772155,0.0049772155,0.0049772155,0
1790247703,0.0052144091,0.0052144091,0.0052144091,0.0052144091,0
1790248003,0.0054042747,0.0054042747,0.0054042747,0.0054042747,0
1790248303,0.0055261249,0.0055261249,0.0055261249,0.0055261249,0
1790248603,0.0056424339,0.0056424339,0.0056424339,0.0056424339,0
1790248903,0.0057923717,0.0057923717,0.0057923717,0.0057923717,0
1790249203,0.0059629558,0.0059629558,0.0059629558,0.0059629558,0
1790249503,0.0061692112,0.0061692112,0.0061692112,0.0061692112,0
1790249803,0.0062695728,0.0062695728,0.0062695728,0.0062695728,0
1790250103,0.0063295849,0.0063295849,0.0063295849,0.0063295849,0
1790250403,0.0063639044,0.0063639044,0.0063639044,0.0063639044,0
1790250703,0.0063745478,0.0063745478,0.0063745478,0.0063745478,0
1790251003,0.0064902888,0.0064902888,0.0064902888,0.0064902888,0
1790251303,0.0065241377,0.0065241377,0.0065241377,0.0065241377,0
1790251603,0.0065423306,0.0065423306,0.0065423306,0.0065423306,0
1790251903,0.0066889642,0.0066889642,0.0066889642,0.0066889642,0
1790252203,0.0067534605,0.0067534605,0.0067534605,0.0067534605,0
1790252503,0.0067596737,0.0067596737,0.0067596737,0.0067596737,0
1790252803,0.0068937211,0.0068937211,0.0068937211,0.0068937211,0
1790253103,0.0067809,0.0067809,0.0067809,0.0067809,0
1790253403,0.0067077306,0.0067077306,0.0067077306,0.0067077306,0
1790253703,0.0066018698,0.0066018698,0.0066018698,0.0066018698,0
1790254003,0.0065029521,0.0065029521,0.0065029521,0.0065029521,0
1790254303,0.0064731286,0.0064731286,0.0064731286,0.0064731286,0
1790254603,0.0065763875,0.0065763875,0.0065763875,0.0065763875,0
1790254903,0.0066726334,0.0066726334,0.0066726334,0.0066726334,0
1790255203,0.0068741643,0.0068741643,0.0068741643,0.0068741643,0
1790255503,0.0069632795,0.0069632795,0.0069632795,0.0069632795,0
1790255803,0.007033518,0.007033518,0.007033518,0.007033518,0
1790256103,0.0070401549,0.0070401549,0.0070401549,0.0070401549,0
1790256403,0.0069444689,0.0069444689,0.0069444689,0.0069444689,0
1790256703,0.006849935,0.006849935,0.006849935,0.006849935,0
1790257003,0.0069165126,0.0069165126,0.0069165126,0.0069165126,0
1790257303,0.0068440987,0.0068440987,0.0068440987,0.0068440987,0
1790257603,0.0067321333,0.0067321333,0.0067321333,0.0067321333,0
1790257903,0.0067809713,0.0067809713,0.0067809713,0.0067809713,0
1790258203,0.0068131891,0.0068131891,0.0068131891,0.0068131891,0
1790258503,0.0066637162,0.0066637162,0.0066637162,0.0066637162,0
1790258803,0.0065784088,0.0065784088,0.0065784088,0.0065784088,0
1790259103,0.0065634915,0.0065634915,0.0065634915,0.0065634915,0
1790259403,0.0064612018,0.0064612018,0.0064612018,0.0064612018,0
1790259703,0.0063748662,0.0063748662,0.0063748662,0.0063748662,0
1790260003,0.0062617729,0.0062617729,0.0062617729,0.0062617729,0
1790260303,0.0062713021,0.0062713021,0.0062713021,0.0062713021,0
1790260603,0.0062984957,0.0062984957,0.0062984957,0.0062984957,0
1790260903,0.0062651558,0.0062651558,0.0062651558,0.0062651558,0
1790261203,0.0061049983,0.0061049983,0.0061049983,0.0061049983,0
1790261503,0.0058574187,0.0058574187,0.0058574187,0.0058574187,0
1790261803,0.0056024916,0.0056024916,0.0056024916,0.0056024916,0
1790262103,0.0054184403,0.0054184403,0.0054184403,0.0054184403,0
1790262403,0.0053429176,0.0053429176,0.0053429176,0.0053429176,0
1790262703,0.0052117387,0.0052117387,0.0052117387,0.0052117387,0
1790263003,0.005063304,0.005063304,0.005063304,0.005063304,0
1790263303,0.0049371224,0.0049371224,0.0049371224,0.0049371224,0
1790263603,0.0048719115,0.0048719115,0.0048719115,0.0048719115,0
1790263903,0.0046369639,0.0046369639,0.0046369639,0.0046369639,0
1790264203,0.0044813873,0.0044813873,0.0044813873,0.0044813873,0
1790264503,0.0044173406,0.0044173406,0.0044173406,0.0044173406,0
1790264803,0.0043878601,0.0043878601,0.0043878601,0.0043878601,0
1790265103,0.0043243996,0.0043243996,0.0043243996,0.0043243996,0
1790265403,0.0042413954,0.0042413954,0.0042413954,0.0042413954,0
1790265703,0.0040133204,0.0040133204,0.0040133204,0.0040133204,0
1790266003,0.004014085,0.004014085,0.004014085,0.004014085,0
1790266303,0.0040884507,0.0040884507,0.0040884507,0.0040884507,0
1790266603,0.0041449218,0.0041449218,0.0041449218,0.0041449218,0
1790266903,0.0042823202,0.0042823202,0.0042823202,0.0042823202,0
1790267203,0.0043385446,0.0043385446,0.0043385446,0.0043385446,0
1790267503,0.0044059762,0.0044059762,0.0044059762,0.0044059762,0
1790267803,0.0045223341,0.0045223341,0.0045223341,0.0045223341,0
1790268103,0.0047176871,0.0047176871,0.0047176871,0.0047176871,0
1790268403,0.0048724892,0.0048724892,0.0048724892,0.0048724892,0
1790268703,0.0050614536,0.0050614536,0.0050614536,0.0050614536,0
1790269003,0.0050680541,0.0050680541,0.0050680541,0.0050680541,0
1790269303,0.0051289568,0.0051289568,0.0051289568,0.0051289568,0
1790269603,0.0050688992,0.0050688992,0.0050688992,0.0050688992,0
1790269903,0.0049330934,0.0049330934,0.0049330934,0.0049330934,0
1790270203,0.0047700791,0.0047700791,0.0047700791,0.0047700791,0
1790270503,0.0045540844,0.0045540844,0.0045540844,0.0045540844,0
1790270803,0.0045146184,0.0045146184,0.0045146184,0.0045146184,0
1790271103,0.0045328334,0.0045328334,0.0045328334,0.0045328334,0
1790271403,0.004517179,0.004517179,0.004517179,0.004517179,0
1790271703,0.0044419437,0.0044419437,0.0044419437,0.0044419437,0
1790272003,0.0043666025,0.0043666025,0.0043666025,0.0043666025,0
1790272303,0.0043091988,0.0043091988,0.0043091988,0.0043091988,0
1790272603,0.0042848498,0.0042848498,0.0042848498,0.0042848498,0
1790272903,0.0042222206,0.0042222206,0.0042222206,0.0042222206,0
1790273203,0.0040997857,0.0040997857,0.0040997857,0.0040997857,0
1790273503,0.0039932007,0.0039932007,0.0039932007,0.0039932007,0
1790273803,0.0040495107,0.0040495107,0.0040495107,0.0040495107,0
1790274103,0.0040274143,0.0040274143,0.0040274143,0.0040274143,0
1790274403,0.0040037921,0.0040037921,0.0040037921,0.0040037921,0
1790274703,0.0039341941,0.0039341941,0.0039341941,0.0039341941,0
1790275003,0.0038742155,0.0038742155,0.0038742155,0.0038742155,0
1790275303,0.0038617269,0.0038617269,0.0038617269,0.0038617269,0
1790275603,0.0039213949,0.0039213949,0.0039213949,0.0039213949,0
1790275903,0.0038463583,0.0038463583,0.0038463583,0.0038463583,0
1790276203,0.003671956,0.003671956,0.003671956,0.003671956,0
1790276503,0.0037060062,0.0037060062,0.0037060062,0.0037060062,0
1790276803,0.0037716975,0.0037716975,0.0037716975,0.0037716975,0
1790277103,0.0037889529,0.0037889529,0.0037889529,0.0037889529,0
1790277403,0.0037159752,0.0037159752,0.0037159752,0.0037159752,0
1790277703,0.0035577078,0.0035577078,0.0035577078,0.0035577078,0
1790278003,0.0033750861,0.0033750861,0.0033750861,0.0033750861,0
1790278303,0.0031797939,0.0031797939,0.0031797939,0.0031797939,0
1790278603,0.0029647574,0.0029647574,0.0029647574,0.0029647574,0
1790278903,0.0028197299,0.0028197299,0.0028197299,0.0028197299,0
1790279203,0.0026533845,0.0026533845,0.0026533845,0.0026533845,0
1790279503,0.0025735463,0.0025735463,0.0025735463,0.0025735463,0
1790279803,0.0026020264,0.0026020264,0.0026020264,0.0026020264,0
1790280103,0.0025140465,0.0025140465,0.0025140465,0.0025140465,0
1790280403,0.0024053424,0.0024053424,0.0024053424,0.0024053424,0
1790280703,0.0022999007,0.0022999007,0.0022999007,0.0022999007,0
1790281003,0.0022395578,0.0022395578,0.0022395578,0.0022395578,0
1790281303,0.0021286162,0.0021286162,0.0021286162,0.0021286162,0
1790281603,0.0020256703,0.0020256703,0.0020256703,0.0020256703,0
1790281903,0.001908466,0.001908466,0.001908466,0.001908466,0
1790282203,0.0018753493,0.0018753493,0.0018753493,0.0018753493,0
1790282503,0.001785622,0.001785622,0.001785622,0.001785622,0
1790282803,0.0017165175,0.0017165175,0.0017165175,0.0017165175,0
1790283103,0.001667987,0.001667987,0.001667987,0.001667987,0
1790283403,0.0015536019,0.0015536019,0.0015536019,0.0015536019,0
1790283703,0.0014141574,0.0014141574,0.0014141574,0.0014141574,0
1790284003,0.0013612222,0.0013612222,0.0013612222,0.0013612222,0
1790284303,0.0011680244,0.0011680244,0.0011680244,0.0011680244,0
1790284603,0.0010834926,0.0010834926,0.0010834926,0.0010834926,0
1790284903,0.0010441032,0.0010441032,0.0010441032,0.0010441032,0
1790285203,0.0009806239,0.0009806239,0.0009806239,0.0009806239,0
1790285503,0.0008800517,0.0008800517,0.0008800517,0.0008800517,0
1790285803,0.0008923581,0.0008923581,0.0008923581,0.0008923581,0
1790286103,0.0008533897,0.0008533897,0.0008533897,0.0008533897,0
1790286403,0.0008350599,0.0008350599,0.0008350599,0.0008350599,0
1790286703,0.0008535491,0.0008535491,0.0008535491,0.0008535491,0
1790287003,0.0009243906,0.0009243906,0.0009243906,0.0009243906,0
1790287303,0.0009063475,0.0009063475,0.0009063475,0.0009063475,0
1790287603,0.0008871442,0.0008871442,0.0008871442,0.0008871442,0
1790287903,0.0009423701,0.0009423701,0.0009423701,0.0009423701,0
1790288203,0.0009737998,0.0009737998,0.0009737998,0.0009737998,0
1790288503,0.0010012123,0.0010012123,0.0010012123,0.0010012123,0
1790288803,0.001070313,0.001070313,0.001070313,0.001070313,0
1790289103,0.0011166102,0.0011166102,0.0011166102,0.0011166102,0
1790289403,0.0012145765,0.0012145765,0.0012145765,0.0012145765,0
1790289703,0.0012187304,0.0012187304,0.0012187304,0.0012187304,0
1790290003,0.0012357418,0.0012357418,0.0012357418,0.0012357418,0
1790290303,0.0012900939,0.0012900939,0.0012900939,0.0012900939,0
1790290603,0.0013706981,0.0013706981,0.0013706981,0.0013706981,0
1790290903,0.0013695258,0.0013695258,0.0013695258,0.0013695258,0
1790291203,0.0013808487,0.0013808487,0.0013808487,0.0013808487,0
1790291503,0.0014540002,0.0014540002,0.0014540002,0.0014540002,0
1790291803,0.0015004514,0.0015004514,0.0015004514,0.0015004514,0
1790292103,0.001484128,0.001484128,0.001484128,0.001484128,0
1790292403,0.0014635842,0.0014635842,0.0014635842,0.0014635842,0
1790292703,0.0013216996,0.0013216996,0.0013216996,0.0013216996,0
1790293003,0.0012210117,0.0012210117,0.0012210117,0.0012210117,0
1790293303,0.0011491134,0.0011491134,0.0011491134,0.0011491134,0
1790293603,0.0010692669,0.0010692669,0.0010692669,0.0010692669,0
1790293903,0.0010615902,0.0010615902,0.0010615902,0.0010615902,0
1790294203,0.0010200465,0.0010200465,0.0010200465,0.0010200465,0
1790294503,0.000957286,0.000957286,0.000957286,0.000957286,0
1790294803,0.0008983544,0.0008983544,0.0008983544,0.0008983544,0
1790295103,0.0007923789,0.0007923789,0.0007923789,0.0007923789,0
1790295403,0.0006974572,0.0006974572,0.0006974572,0.0006974572,0
1790295703,0.0006764515,0.0006764515,0.0006764515,0.0006764515,0
1790296003,0.0006408596,0.0006408596,0.0006408596,0.0006408596,0
1790296303,0.0005955898,0.0005955898,0.0005955898,0.0005955898,0
1790296603,0.0005999632,0.0005999632,0.0005999632,0.0005999632,0
1790296903,0.0005930616,0.0005930616,0.0005930616,0.0005930616,0
1790297203,0.0005620753,0.0005620753,0.0005620753,0.0005620753,0
1790297503,0.0004840001,0.0004840001,0.0004840001,0.0004840001,0
1790297803,0.0004237735,0.0004237735,0.0004237735,0.0004237735,0
1790298103,0.0003849059,0.0003849059,0.0003849059,0.0003849059,0
1790298403,0.0004472663,0.0004472663,0.0004472663,0.0004472663,0
1790298703,0.0004924874,0.0004924874,0.0004924874,0.0004924874,0
1790299003,0.0005079922,0.0005079922,0.0005079922,0.0005079922,0
1790299303,0.0005247653,0.0005247653,0.0005247653,0.0005247653,0
1790299603,0.0005813936,0.0005813936,0.0005813936,0.0005813936,0
1790299903,0.00065842,0.00065842,0.00065842,0.00065842,0
1790300203,0.0006150182,0.0006150182,0.0006150182,0.0006150182,0
1790300503,0.0006931919,0.0006931919,0.0006931919,0.0006931919,0
1790300803,0.0007732867,0.0007732867,0.0007732867,0.0007732867,0
1790301103,0.0008657531,0.0008657531,0.0008657531,0.0008657531,0
1790301403,0.0008806754,0.0008806754,0.0008806754,0.0008806754,0
1790301703,0.0009280945,0.0009280945,0.0009280945,0.0009280945,0
1790302003,0.0011974984,0.0011974984,0.0011974984,0.0011974984,0
1790302303,0.0013236148,0.0013236148,0.0013236148,0.0013236148,0
1790302603,0.0015442416,0.0015442416,0.0015442416,0.0015442416,0
1790302903,0.001798698,0.001798698,0.001798698,0.001798698,0
1790303203,0.0020381766,0.0020381766,0.0020381766,0.0020381766,0
1790303503,0.0021615313,0.0021615313,0.0021615313,0.0021615313,0
1790303803,0.0022356518,0.0022356518,0.0022356518,0.0022356518,0
1790304103,0.0022469247,0.0022469247,0.0022469247,0.0022469247,0
1790304403,0.0021864406,0.0021864406,0.0021864406,0.0021864406,0
1790304703,0.0021957348,0.0021957348,0.0021957348,0.0021957348,0
1790305003,0.0022421774,0.0022421774,0.0022421774,0.0022421774,0
1790305303,0.0023610175,0.0023610175,0.0023610175,0.0023610175,0
1790305603,0.0024428734,0.0024428734,0.0024428734,0.0024428734,0
1790305903,0.0024440325,0.0024440325,0.0024440325,0.0024440325,0
1790306203,0.0025176365,0.0025176365,0.0025176365,0.0025176365,0
1790306503,0.0025931809,0.0025931809,0.0025931809,0.0025931809,0
1790306803,0.0025631773,0.0025631773,0.0025631773,0.0025631773,0
1790307103,0.0025012205,0.0025012205,0.0025012205,0.0025012205,0
1790307403,0.0025383236,0.0025383236,0.0025383236,0.0025383236,0
1790307703,0.0026002455,0.0026002455,0.0026002455,0.0026002455,0
1790308003,0.002704647,0.002704647,0.002704647,0.002704647,0
1790308303,0.0026604086,0.0026604086,0.0026604086,0.0026604086,0
1790308603,0.002691928,0.002691928,0.002691928,0.002691928,0
1790308903,0.0026343817,0.0026343817,0.0026343817,0.0026343817,0
1790309203,0.002532186,0.002532186,0.002532186,0.002532186,0
1790309503,0.0024427959,0.0024427959,0.0024427959,0.0024427959,0
1790309803,0.002392413,0.002392413,0.002392413,0.002392413,0
1790310103,0.0023963628,0.0023963628,0.0023963628,0.0023963628,0
1790310403,0.0023605433,0.0023605433,0.0023605433,0.0023605433,0
1790310703,0.0023172458,0.0023172458,0.0023172458,0.0023172458,0
1790311003,0.0023489159,0.0023489159,0.0023489159,0.0023489159,0
1790311303,0.0025100612,0.0025100612,0.0025100612,0.0025100612,0
1790311603,0.0024809305,0.0024809305,0.0024809305,0.0024809305,0
1790311903,0.0025098482,0.0025098482,0.0025098482,0.0025098482,0
1790312203,0.0025322319,0.0025322319,0.0025322319,0.0025322319,0
1790312503,0.0025180574,0.0025180574,0.0025180574,0.0025180574,0
1790312803,0.0024808331,0.0024808331,0.0024808331,0.0024808331,0
1790313103,0.0023894881,0.0023894881,0.0023894881,0.0023894881,0
1790313403,0.0023477266,0.0023477266,0.0023477266,0.0023477266,0
1790313703,0.0024018097,0.0024018097,0.0024018097,0.0024018097,0
1790314003,0.0023459997,0.0023459997,0.0023459997,0.0023459997,0
1790314303,0.0022892974,0.0022892974,0.0022892974,0.0022892974,0
1790314603,0.0023960491,0.0023960491,0.0023960491,0.0023960491,0
1790314903,0.0024644289,0.0024644289,0.0024644289,0.0024644289,0
1790315203,0.0024520686,0.0024520686,0.0024520686,0.0024520686,0
1790315503,0.0024464134,0.0024464134,0.0024464134,0.0024464134,0
1790315803,0.0024573349,0.0024573349,0.0024573349,0.0024573349,0
1790316103,0.0024675949,0.0024675949,0.0024675949,0.0024675949,0
1790316403,0.0024940017,0.0024940017,0.0024940017,0.0024940017,0
1790316703,0.002465855,0.002465855,0.002465855,0.002465855,0
1790317003,0.0024237868,0.0024237868,0.0024237868,0.0024237868,0
1790317303,0.0024665761,0.0024665761,0.0024665761,0.0024665761,0
1790317603,0.0025469221,0.0025469221,0.0025469221,0.0025469221,0
1790317903,0.0024634973,0.0024634973,0.0024634973,0.0024634973,0
1790318203,0.0024100855,0.0024100855,0.0024100855,0.0024100855,0
1790318503,0.00232987,0.00232987,0.00232987,0.00232987,0
1790318803,0.0023454455,0.0023454455,0.0023454455,0.0023454455,0
1790319103,0.0023460248,0.0023460248,0.0023460248,0.0023460248,0
1790319403,0.0023473787,0.0023473787,0.0023473787,0.0023473787,0
1790319703,0.0023531647,0.0023531647,0.0023531647,0.0023531647,0
1790320003,0.0022962437,0.0022962437,0.0022962437,0.0022962437,0
1790320303,0.002255701,0.002255701,0.002255701,0.002255701,0
1790320603,0.0022618886,0.0022618886,0.0022618886,0.0022618886,0
1790320903,0.0023597785,0.0023597785,0.0023597785,0.0023597785,0
1790321203,0.0024657029,0.0024657029,0.0024657029,0.0024657029,0
1790321503,0.002628265,0.002628265,0.002628265,0.002628265,0
1790321803,0.0027681986,0.0027681986,0.0027681986,0.0027681986,0
1790322103,0.0028616733,0.0028616733,0.0028616733,0.0028616733,0
1790322403,0.0030217946,0.0030217946,0.0030217946,0.0030217946,0
1790322703,0.0033341267,0.0033341267,0.0033341267,0.0033341267,0
1790323003,0.0035439951,0.0035439951,0.0035439951,0.0035439951,0
1790323303,0.0037545676,0.0037545676,0.0037545676,0.0037545676,0
1790323603,0.0039931896,0.0039931896,0.0039931896,0.0039931896,0
1790323903,0.0041820953,0.0041820953,0.0041820953,0.0041820953,0
1790324203,0.0044202232,0.0044202232,0.0044202232,0.0044202232,0
1790324503,0.0047992722,0.0047992722,0.0047992722,0.0047992722,0
1790324803,0.0050946096,0.0050946096,0.0050946096,0.0050946096,0
1790325103,0.0053474441,0.0053474441,0.0053474441,0.0053474441,0
1790325403,0.0055166994,0.0055166994,0.0055166994,0.0055166994,0
1790325703,0.0055580115,0.0055580115,0.0055580115,0.0055580115,0
1790326003,0.0055236888,0.0055236888,0.0055236888,0.0055236888,0
1790326303,0.0054553707,0.0054553707,0.0054553707,0.0054553707,0
1790326603,0.0054156492,0.0054156492,0.0054156492,0.0054156492,0
1790326903,0.0053802186,0.0053802186,0.0053802186,0.0053802186,0
1790327203,0.0054427027,0.0054427027,0.0054427027,0.0054427027,0
1790327503,0.0055734032,0.0055734032,0.0055734032,0.0055734032,0
1790327803,0.0057613971,0.0057613971,0.0057613971,0.0057613971,0
1790328103,0.0059437404,0.0059437404,0.0059437404,0.0059437404,0
1790328403,0.0060543736,0.0060543736,0.0060543736,0.0060543736,0
1790328703,0.0063846133,0.0063846133,0.0063846133,0.0063846133,0
1790329003,0.0066418272,0.0066418272,0.0066418272,0.0066418272,0
1790329303,0.0067419784,0.0067419784,0.0067419784,0.0067419784,0
1790329603,0.0068055746,0.0068055746,0.0068055746,0.0068055746,0
1790329903,0.0068231407,0.0068231407,0.0068231407,0.0068231407,0
1790330203,0.0068077241,0.0068077241,0.0068077241,0.0068077241,0
1790330503,0.0067925606,0.0067925606,0.0067925606,0.0067925606,0
1790330803,0.0067341955,0.0067341955,0.0067341955,0.0067341955,0
1790331103,0.0067509387,0.0067509387,0.0067509387,0.0067509387,0
1790331403,0.0067327554,0.0067327554,0.0067327554,0.0067327554,0
1790331703,0.0067276723,0.0067276723,0.0067276723,0.0067276723,0
1790332003,0.0067768274,0.0067768274,0.0067768274,0.0067768274,0
1790332303,0.006859102,0.006859102,0.006859102,0.006859102,0
1790332603,0.0068711614,0.0068711614,0.0068711614,0.0068711614,0
1790332903,0.0067849837,0.0067849837,0.0067849837,0.0067849837,0
1790333203,0.0068125918,0.0068125918,0.0068125918,0.0068125918,0
1790333503,0.0069226625,0.0069226625,0.0069226625,0.0069226625,0
1790333803,0.0070564578,0.0070564578,0.0070564578,0.0070564578,0
1790334103,0.0071565549,0.0071565549,0.0071565549,0.0071565549,0
1790334403,0.0072432454,0.0072432454,0.0072432454,0.0072432454,0
1790334703,0.0073757087,0.0073757087,0.0073757087,0.0073757087,0
1790335003,0.0075251251,0.0075251251,0.0075251251,0.0075251251,0
1790335303,0.0076848316,0.0076848316,0.0076848316,0.0076848316,0
1790335603,0.0077366974,0.0077366974,0.0077366974,0.0077366974,0
1790335903,0.0076626142,0.0076626142,0.0076626142,0.0076626142,0
1790336203,0.0076080801,0.0076080801,0.0076080801,0.0076080801,0
1790336503,0.0075200377,0.0075200377,0.0075200377,0.0075200377,0
1790336803,0.0073766874,0.0073766874,0.0073766874,0.0073766874,0
1790337103,0.0073167003,0.0073167003,0.0073167003,0.0073167003,0
1790337403,0.007167225,0.007167225,0.007167225,0.007167225,0
1790337703,0.0070669498,0.0070669498,0.0070669498,0.0070669498,0
1790338003,0.0069243432,0.0069243432,0.0069243432,0.0069243432,0
1790338303,0.0067722758,0.0067722758,0.0067722758,0.0067722758,0
1790338603,0.0066168562,0.0066168562,0.0066168562,0.0066168562,0
1790338903,0.0064573288,0.0064573288,0.0064573288,0.0064573288,0
1790339203,0.0063450447,0.0063450447,0.0063450447,0.0063450447,0
1790339503,0.0062764169,0.0062764169,0.0062764169,0.0062764169,0
1790339803,0.0062478986,0.0062478986,0.0062478986,0.0062478986,0
1790340103,0.0062406047,0.0062406047,0.0062406047,0.0062406047,0
1790340403,0.0061051706,0.0061051706,0.0061051706,0.0061051706,0
1790340703,0.0060530967,0.0060530967,0.0060530967,0.0060530967,0
1790341003,0.0059876455,0.0059876455,0.0059876455,0.0059876455,0
1790341303,0.0059546102,0.0059546102,0.0059546102,0.0059546102,0
1790341603,0.0058734665,0.0058734665,0.0058734665,0.0058734665,0
1790341903,0.0058340464,0.0058340464,0.0058340464,0.0058340464,0
1790342203,0.0056719926,0.0056719926,0.0056719926,0.0056719926,0
1790342503,0.0055146009,0.0055146009,0.0055146009,0.0055146009,0
1790342803,0.0054454475,0.0054454475,0.0054454475,0.0054454475,0
1790343103,0.0054045802,0.0054045802,0.0054045802,0.0054045802,0
1790343403,0.0052332722,0.0052332722,0.0052332722,0.0052332722,0
1790343703,0.0054752216,0.0054752216,0.0054752216,0.0054752216,0
1790344003,0.0055492101,0.0055492101,0.0055492101,0.0055492101,0
1790344303,0.0054440903,0.0054440903,0.0054440903,0.0054440903,0
1790344603,0.0053014709,0.0053014709,0.0053014709,0.0053014709,0
1790344903,0.0052602737,0.0052602737,0.0052602737,0.0052602737,0
1790345203,0.0050534101,0.0050534101,0.0050534101,0.0050534101,0
1790345503,0.0050107472,0.0050107472,0.0050107472,0.0050107472,0
1790345803,0.0050050787,0.0050050787,0.0050050787,0.0050050787,0
1790346103,0.0050844863,0.0050844863,0.0050844863,0.0050844863,0
1790346403,0.0052202826,0.0052202826,0.0052202826,0.0052202826,0
1790346703,0.0051751692,0.0051751692,0.0051751692,0.0051751692,0
1790347003,0.0052363345,0.0052363345,0.0052363345,0.0052363345,0
1790347303,0.0052174257,0.0052174257,0.0052174257,0.0052174257,0
1790347603,0.0051368141,0.0051368141,0.0051368141,0.0051368141,0
1790347903,0.0050721506,0.0050721506,0.0050721506,0.0050721506,0
1790348203,0.0049172779,0.0049172779,0.0049172779,0.0049172779,0
1790348503,0.0048563878,0.0048563878,0.0048563878,0.0048563878,0
1790348803,0.0048328641,0.0048328641,0.0048328641,0.0048328641,0
1790349103,0.0047756012,0.0047756012,0.0047756012,0.0047756012,0
1790349403,0.0046668213,0.0046668213,0.0046668213,0.0046668213,0
1790349703,0.0045606912,0.0045606912,0.0045606912,0.0045606912,0
1790350003,0.0044584926,0.0044584926,0.0044584926,0.0044584926,0
1790350303,0.0043900405,0.0043900405,0.0043900405,0.0043900405,0
1790350603,0.0042519086,0.0042519086,0.0042519086,0.0042519086,0
1790350903,0.0041772202,0.0041772202,0.0041772202,0.0041772202,0
1790351203,0.0040415221,0.0040415221,0.0040415221,0.0040415221,0
1790351503,0.0039056895,0.0039056895,0.0039056895,0.0039056895,0
1790351803,0.0038459395,0.0038459395,0.0038459395,0.0038459395,0
1790352103,0.0038793301,0.0038793301,0.0038793301,0.0038793301,0
1790352403,0.0040591116,0.0040591116,0.0040591116,0.0040591116,0
1790352703,0.0042287207,0.0042287207,0.0042287207,0.0042287207,0
1790353003,0.0043433042,0.0043433042,0.0043433042,0.0043433042,0
1790353303,0.0043579888,0.0043579888,0.0043579888,0.0043579888,0
1790353603,0.0044565315,0.0044565315,0.0044565315,0.0044565315,0
1790353903,0.0044897902,0.0044897902,0.0044897902,0.0044897902,0
1790354203,0.004483666,0.004483666,0.004483666,0.004483666,0
1790354503,0.0045021031,0.0045021031,0.0045021031,0.0045021031,0
1790354803,0.0045285289,0.0045285289,0.0045285289,0.0045285289,0
1790355103,0.0044270082,0.0044270082,0.0044270082,0.0044270082,0
1790355403,0.0043948031,0.0043948031,0.0043948031,0.0043948031,0
1790355703,0.0043818053,0.0043818053,0.0043818053,0.0043818053,0
1790356003,0.0043797458,0.0043797458,0.0043797458,0.0043797458,0
1790356303,0.0044665063,0.0044665063,0.0044665063,0.0044665063,0
1790356603,0.004510655,0.004510655,0.004510655,0.004510655,0
1790356903,0.0046299257,0.0046299257,0.0046299257,0.0046299257,0
1790357203,0.0047585335,0.0047585335,0.0047585335,0.0047585335,0
1790357503,0.0048311484,0.0048311484,0.0048311484,0.0048311484,0
1790357803,0.004768324,0.004768324,0.004768324,0.004768324,0
1790358103,0.0046622661,0.0046622661,0.0046622661,0.0046622661,0
1790358403,0.0046346835,0.0046346835,0.0046346835,0.0046346835,0
1790358703,0.0046186586,0.0046186586,0.0046186586,0.0046186586,0
1790359003,0.0045018766,0.0045018766,0.0045018766,0.0045018766,0
1790359303,0.0044745373,0.0044745373,0.0044745373,0.0044745373,0
1790359603,0.0045097707,0.0045097707,0.0045097707,0.0045097707,0
1790359903,0.0045425157,0.0045425157,0.0045425157,0.0045425157,0
1790360203,0.0046120718,0.0046120718,0.0046120718,0.0046120718,0
1790360503,0.0046779259,0.0046779259,0.0046779259,0.0046779259,0
1790360803,0.0047970728,0.0047970728,0.0047970728,0.0047970728,0
1790361103,0.004921993,0.004921993,0.004921993,0.004921993,0
1790361403,0.0049471937,0.0049471937,0.0049471937,0.0049471937,0
1790361703,0.0049450169,0.0049450169,0.0049450169,0.0049450169,0
1790362003,0.0049740428,0.0049740428,0.0049740428,0.0049740428,0
1790362303,0.0050555411,0.0050555411,0.0050555411,0.0050555411,0
1790362603,0.0052051192,0.0052051192,0.0052051192,0.0052051192,0
1790362903,0.005406311,0.005406311,0.005406311,0.005406311,0
1790363203,0.0054656085,0.0054656085,0.0054656085,0.0054656085,0
1790363503,0.005532212,0.005532212,0.005532212,0.005532212,0
1790363803,0.0056035066,0.0056035066,0.0056035066,0.0056035066,0
1790364103,0.0057744445,0.0057744445,0.0057744445,0.0057744445,0
1790364403,0.0058487258,0.0058487258,0.0058487258,0.0058487258,0
1790364703,0.0059909495,0.0059909495,0.0059909495,0.0059909495,0
1790365003,0.0060787611,0.0060787611,0.0060787611,0.0060787611,0
1790365303,0.0061604288,0.0061604288,0.0061604288,0.0061604288,0
1790365603,0.0063463497,0.0063463497,0.0063463497,0.0063463497,0
1790365903,0.0064647321,0.0064647321,0.0064647321,0.0064647321,0
1790366203,0.0065147408,0.0065147408,0.0065147408,0.0065147408,0
1790366503,0.0065560457,0.0065560457,0.0065560457,0.0065560457,0
1790366803,0.006668401,0.006668401,0.006668401,0.006668401,0
1790367103,0.0067696813,0.0067696813,0.0067696813,0.0067696813,0
1790367403,0.0069003393,0.0069003393,0.0069003393,0.0069003393,0
1790367703,0.0070213103,0.0070213103,0.0070213103,0.0070213103,0
1790368003,0.0070729033,0.0070729033,0.0070729033,0.0070729033,0
1790368303,0.0071545975,0.0071545975,0.0071545975,0.0071545975,0
1790368603,0.0072318848,0.0072318848,0.0072318848,0.0072318848,0
1790368903,0.007279055,0.007279055,0.007279055,0.007279055,0
1790369203,0.0071609317,0.0071609317,0.0071609317,0.0071609317,0
1790369503,0.0070912857,0.0070912857,0.0070912857,0.0070912857,0
1790369803,0.0069791308,0.0069791308,0.0069791308,0.0069791308,0
1790370103,0.0069849513,0.0069849513,0.0069849513,0.0069849513,0
1790370403,0.0069814429,0.0069814429,0.0069814429,0.0069814429,0
1790370703,0.0069655218,0.0069655218,0.0069655218,0.0069655218,0
1790371003,0.0069750676,0.0069750676,0.0069750676,0.0069750676,0
1790371303,0.0069022533,0.0069022533,0.0069022533,0.0069022533,0
1790371603,0.0068578515,0.0068578515,0.0068578515,0.0068578515,0
1790371903,0.0068401102,0.0068401102,0.0068401102,0.0068401102,0
1790372203,0.0067261955,0.0067261955,0.0067261955,0.0067261955,0
1790372503,0.0066553904,0.0066553904,0.0066553904,0.0066553904,0
1790372803,0.0065362355,0.0065362355,0.0065362355,0.0065362355,0
1790373103,0.0063800036,0.0063800036,0.0063800036,0.0063800036,0
1790373403,0.0062601541,0.0062601541,0.0062601541,0.0062601541,0
1790373703,0.0062103168,0.0062103168,0.0062103168,0.0062103168,0
1790374003,0.0061961381,0.0061961381,0.0061961381,0.0061961381,0
1790374303,0.0061906202,0.0061906202,0.0061906202,0.0061906202,0
1790374603,0.0061802021,0.0061802021,0.0061802021,0.0061802021,0
1790374903,0.0062700995,0.0062700995,0.0062700995,0.0062700995,0
1790375203,0.0063232454,0.0063232454,0.0063232454,0.0063232454,0
1790375503,0.0063364138,0.0063364138,0.0063364138,0.0063364138,0
1790375803,0.0064237269,0.0064237269,0.0064237269,0.0064237269,0
1790376103,0.0065758095,0.0065758095,0.0065758095,0.0065758095,0
1790376403,0.0066260049,0.0066260049,0.0066260049,0.0066260049,0
1790376703,0.0067698548,0.0067698548,0.0067698548,0.0067698548,0
1790377003,0.0068744859,0.0068744859,0.0068744859,0.0068744859,0
1790377303,0.0069407299,0.0069407299,0.0069407299,0.0069407299,0
1790377603,0.0070215688,0.0070215688,0.0070215688,0.0070215688,0
1790377903,0.0070885032,0.0070885032,0.0070885032,0.0070885032,0
1790378203,0.0072255495,0.0072255495,0.0072255495,0.0072255495,0
1790378503,0.007349219,0.007349219,0.007349219,0.007349219,0
1790378803,0.007396707,0.007396707,0.007396707,0.007396707,0
1790379103,0.0074591671,0.0074591671,0.0074591671,0.0074591671,0
1790379403,0.0075048685,0.0075048685,0.0075048685,0.0075048685,0
1790379703,0.007551465,0.007551465,0.007551465,0.007551465,0
1790380003,0.0075844935,0.0075844935,0.0075844935,0.0075844935,0
1790380303,0.007611969,0.007611969,0.007611969,0.007611969,0
1790380603,0.0076377346,0.0076377346,0.0076377346,0.0076377346,0
1790380903,0.0076310518,0.0076310518,0.0076310518,0.0076310518,0
1790381203,0.0077831633,0.0077831633,0.0077831633,0.0077831633,0
1790381503,0.0078803817,0.0078803817,0.0078803817,0.0078803817,0
1790381803,0.0079770087,0.0079770087,0.0079770087,0.0079770087,0
1790382103,0.0080968322,0.0080968322,0.0080968322,0.0080968322,0
1790382403,0.0082110545,0.0082110545,0.0082110545,0.0082110545,0
1790382703,0.0083754846,0.0083754846,0.0083754846,0.0083754846,0
1790383003,0.0083627413,0.0083627413,0.0083627413,0.0083627413,0
1790383303,0.0083052295,0.0083052295,0.0083052295,0.0083052295,0
1790383603,0.0083269502,0.0083269502,0.0083269502,0.0083269502,0
1790383903,0.0082958564,0.0082958564,0.0082958564,0.0082958564,0
1790384203,0.0082989457,0.0082989457,0.0082989457,0.0082989457,0
1790384503,0.0082024517,0.0082024517,0.0082024517,0.0082024517,0
1790384803,0.008189609,0.008189609,0.008189609,0.008189609,0
1790385103,0.0080768387,0.0080768387,0.0080768387,0.0080768387,0
1790385403,0.0080387462,0.0080387462,0.0080387462,0.0080387462,0
1790385703,0.0079344673,0.0079344673,0.0079344673,0.0079344673,0
1790386003,0.0079694398,0.0079694398,0.0079694398,0.0079694398,0
1790386303,0.0079385783,0.0079385783,0.0079385783,0.0079385783,0
1790386603,0.007965115,0.007965115,0.007965115,0.007965115,0
1790386903,0.0080217895,0.0080217895,0.0080217895,0.0080217895,0
1790387203,0.0080266179,0.0080266179,0.0080266179,0.0080266179,0
1790387503,0.0080402632,0.0080402632,0.0080402632,0.0080402632,0
1790387803,0.0080370627,0.0080370627,0.0080370627,0.0080370627,0
1790388103,0.0081292061,0.0081292061,0.0081292061,0.0081292061,0
1790388403,0.0082327495,0.0082327495,0.0082327495,0.0082327495,0
1790388703,0.0083384197,0.0083384197,0.0083384197,0.0083384197,0
1790389003,0.0084591733,0.0084591733,0.0084591733,0.0084591733,0
1790389303,0.0085794943,0.0085794943,0.0085794943,0.0085794943,0
1790389603,0.0086931495,0.0086931495,0.0086931495,0.0086931495,0
1790389903,0.008724031,0.008724031,0.008724031,0.008724031,0
1790390203,0.0088073168,0.0088073168,0.0088073168,0.0088073168,0
1790390503,0.0088599141,0.0088599141,0.0088599141,0.0088599141,0
1790390803,0.0089169403,0.0089169403,0.0089169403,0.0089169403,0
1790391103,0.0090192202,0.0090192202,0.0090192202,0.0090192202,0
1790391403,0.0090867377,0.0090867377,0.0090867377,0.0090867377,0
1790391703,0.0091376642,0.0091376642,0.0091376642,0.0091376642,0
1790392003,0.009187544,0.009187544,0.009187544,0.009187544,0
1790392303,0.0092046254,0.0092046254,0.0092046254,0.0092046254,0
1790392603,0.009191561,0.009191561,0.009191561,0.009191561,0
1790392903,0.0091552079,0.0091552079,0.0091552079,0.0091552079,0
1790393203,0.0091692793,0.0091692793,0.0091692793,0.0091692793,0
1790393503,0.0091279599,0.0091279599,0.0091279599,0.0091279599,0
1790393803,0.0091104784,0.0091104784,0.0091104784,0.0091104784,0
1790394103,0.0090891873,0.0090891873,0.0090891873,0.0090891873,0
1790394403,0.0090977202,0.0090977202,0.0090977202,0.0090977202,0
1790394703,0.0091278262,0.0091278262,0.0091278262,0.0091278262,0
1790395003,0.0091295572,0.0091295572,0.0091295572,0.0091295572,0
1790395303,0.0090945206,0.0090945206,0.0090945206,0.0090945206,0
1790395603,0.0090263264,0.0090263264,0.0090263264,0.0090263264,0
1790395903,0.0090482346,0.0090482346,0.0090482346,0.0090482346,0
1790396203,0.0089766699,0.0089766699,0.0089766699,0.0089766699,0
1790396503,0.0089559509,0.0089559509,0.0089559509,0.0089559509,0
1790396803,0.0089302711,0.0089302711,0.0089302711,0.0089302711,0
1790397103,0.0087787644,0.0087787644,0.0087787644,0.0087787644,0
1790397403,0.0085989772,0.0085989772,0.0085989772,0.0085989772,0
1790397703,0.0085420316,0.0085420316,0.0085420316,0.0085420316,0
1790398003,0.0084702395,0.0084702395,0.0084702395,0.0084702395,0
1790398303,0.0084162492,0.0084162492,0.0084162492,0.0084162492,0
1790398603,0.0083503463,0.0083503463,0.0083503463,0.0083503463,0
1790398903,0.0083557769,0.0083557769,0.0083557769,0.0083557769,0
1790399203,0.0083582675,0.0083582675,0.0083582675,0.0083582675,0
1790399503,0.0083025419,0.0083025419,0.0083025419,0.0083025419,0
1790399803,0.0082487994,0.0082487994,0.0082487994,0.0082487994,0
1790400103,0.0081426076,0.0081426076,0.0081426076,0.0081426076,0
1790400403,0.008042077,0.008042077,0.008042077,0.008042077,0
1790400703,0.0079786928,0.0079786928,0.0079786928,0.0079786928,0
1790401003,0.0078833678,0.0078833678,0.0078833678,0.0078833678,0
1790401303,0.0077661833,0.0077661833,0.0077661833,0.0077661833,0
1790401603,0.0077126573,0.0077126573,0.0077126573,0.0077126573,0
1790401903,0.0076548693,0.0076548693,0.0076548693,0.0076548693,0
1790402203,0.0076046066,0.0076046066,0.0076046066,0.0076046066,0
1790402503,0.0075552911,0.0075552911,0.0075552911,0.0075552911,0
1790402803,0.0073640624,0.0073640624,0.0073640624,0.0073640624,0
1790403103,0.0073534778,0.0073534778,0.0073534778,0.0073534778,0
1790403403,0.0072636599,0.0072636599,0.0072636599,0.0072636599,0
1790403703,0.007142006,0.007142006,0.007142006,0.007142006,0
1790404003,0.0070213041,0.0070213041,0.0070213041,0.0070213041,0
1790404303,0.0069570051,0.0069570051,0.0069570051,0.0069570051,0
1790404603,0.0069163549,0.0069163549,0.0069163549,0.0069163549,0
1790404903,0.0067922124,0.0067922124,0.0067922124,0.0067922124,0
1790405203,0.0067581334,0.0067581334,0.0067581334,0.0067581334,0
1790405503,0.0066578495,0.0066578495,0.0066578495,0.0066578495,0
1790405803,0.0065620464,0.0065620464,0.0065620464,0.0065620464,0
1790406103,0.0064785513,0.0064785513,0.0064785513,0.0064785513,0
1790406403,0.0064088843,0.0064088843,0.0064088843,0.0064088843,0
1790406703,0.006390727,0.006390727,0.006390727,0.006390727,0
1790407003,0.0064340058,0.0064340058,0.0064340058,0.0064340058,0
1790407303,0.0064700117,0.0064700117,0.0064700117,0.0064700117,0
1790407603,0.0063436008,0.0063436008,0.0063436008,0.0063436008,0
1790407903,0.0062297114,0.0062297114,0.0062297114,0.0062297114,0
1790408203,0.0061242679,0.0061242679,0.0061242679,0.0061242679,0
1790408503,0.005987776,0.005987776,0.005987776,0.005987776,0
1790408803,0.0059004698,0.0059004698,0.0059004698,0.0059004698,0
1790409103,0.0058403458,0.0058403458,0.0058403458,0.0058403458,0
1790409403,0.0056513767,0.0056513767,0.0056513767,0.0056513767,0
1790409703,0.0055280116,0.0055280116,0.0055280116,0.0055280116,0
1790410003,0.005369772,0.005369772,0.005369772,0.005369772,0
1790410303,0.005292409,0.005292409,0.005292409,0.005292409,0
1790410603,0.0051250625,0.0051250625,0.0051250625,0.0051250625,0
1790410903,0.0049574137,0.0049574137,0.0049574137,0.0049574137,0
1790411203,0.0048350982,0.0048350982,0.0048350982,0.0048350982,0
1790411503,0.0046454214,0.0046454214,0.0046454214,0.0046454214,0
1790411803,0.004657839,0.004657839,0.004657839,0.004657839,0
1790412103,0.004698661,0.004698661,0.004698661,0.004698661,0
1790412403,0.0046347927,0.0046347927,0.0046347927,0.0046347927,0
1790412703,0.0046445516,0.0046445516,0.0046445516,0.0046445516,0
1790413003,0.0048007956,0.0048007956,0.0048007956,0.0048007956,0
1790413303,0.0048206711,0.0048206711,0.0048206711,0.0048206711,0
1790413603,0.0048515712,0.0048515712,0.0048515712,0.0048515712,0
1790413903,0.0048017614,0.0048017614,0.0048017614,0.0048017614,0
1790414203,0.0045497474,0.0045497474,0.0045497474,0.0045497474,0
1790414503,0.0042682588,0.0042682588,0.0042682588,0.0042682588,0
1790414803,0.0040645833,0.0040645833,0.0040645833,0.0040645833,0
1790415103,0.0038920473,0.0038920473,0.0038920473,0.0038920473,0
1790415403,0.003706077,0.003706077,0.003706077,0.003706077,0
1790415703,0.0035172906,0.0035172906,0.0035172906,0.0035172906,0
1790416003,0.0034221008,0.0034221008,0.0034221008,0.0034221008,0
1790416303,0.0032530525,0.0032530525,0.0032530525,0.0032530525,0
1790416603,0.0030391438,0.0030391438,0.0030391438,0.0030391438,0
1790416903,0.0029253828,0.0029253828,0.0029253828,0.0029253828,0
1790417203,0.0028070714,0.0028070714,0.0028070714,0.0028070714,0
1790417503,0.0026656968,0.0026656968,0.0026656968,0.0026656968,0
1790417803,0.0025952013,0.0025952013,0.0025952013,0.0025952013,0
1790418103,0.0026819449,0.0026819449,0.0026819449,0.0026819449,0
1790418403,0.0026423779,0.0026423779,0.0026423779,0.0026423779,0
1790418703,0.0025924261,0.0025924261,0.0025924261,0.0025924261,0
1790419003,0.0025746075,0.0025746075,0.0025746075,0.0025746075,0
1790419303,0.0025534446,0.0025534446,0.0025534446,0.0025534446,0
1790419603,0.0025491811,0.0025491811,0.0025491811,0.0025491811,0
1790419903,0.0024104453,0.0024104453,0.0024104453,0.0024104453,0
1790420203,0.0023360607,0.0023360607,0.0023360607,0.0023360607,0
1790420503,0.0024444142,0.0024444142,0.0024444142,0.0024444142,0
1790420803,0.0024634318,0.0024634318,0.0024634318,0.0024634318,0
1790421103,0.0024775026,0.0024775026,0.0024775026,0.0024775026,0
1790421403,0.0024565339,0.0024565339,0.0024565339,0.0024565339,0
1790421703,0.0023748316,0.0023748316,0.0023748316,0.0023748316,0
1790422003,0.0023256278,0.0023256278,0.0023256278,0.0023256278,0
1790422303,0.0023216126,0.0023216126,0.0023216126,0.0023216126,0
1790422603,0.0023616572,0.0023616572,0.0023616572,0.0023616572,0
1790422903,0.0024513109,0.0024513109,0.0024513109,0.0024513109,0
1790423203,0.0025251289,0.0025251289,0.0025251289,0.0025251289,0
1790423503,0.0025636007,0.0025636007,0.0025636007,0.0025636007,0
1790423803,0.0026756886,0.0026756886,0.0026756886,0.0026756886,0
1790424103,0.0026751615,0.0026751615,0.0026751615,0.0026751615,0
1790424403,0.0026988808,0.0026988808,0.0026988808,0.0026988808,0
1790424703,0.0028207374,0.0028207374,0.0028207374,0.0028207374,0
1790425003,0.0030559198,0.0030559198,0.0030559198,0.0030559198,0
1790425303,0.0031486053,0.0031486053,0.0031486053,0.0031486053,0
1790425603,0.0031621711,0.0031621711,0.0031621711,0.0031621711,0
1790425903,0.0030912403,0.0030912403,0.0030912403,0.0030912403,0
1790426203,0.0031590832,0.0031590832,0.0031590832,0.0031590832,0
1790426503,0.0033682375,0.0033682375,0.0033682375,0.0033682375,0
1790426803,0.0033240453,0.0033240453,0.0033240453,0.0033240453,0
1790427103,0.0034162439,0.0034162439,0.0034162439,0.0034162439,0
1790427403,0.0034823668,0.0034823668,0.0034823668,0.0034823668,0
1790427703,0.0036644392,0.0036644392,0.0036644392,0.0036644392,0
1790428003,0.0037487168,0.0037487168,0.0037487168,0.0037487168,0
1790428303,0.0038359745,0.0038359745,0.0038359745,0.0038359745,0
1790428603,0.0038667491,0.0038667491,0.0038667491,0.0038667491,0
1790428903,0.0039437728,0.0039437728,0.0039437728,0.0039437728,0
1790429203,0.0039335057,0.0039335057,0.0039335057,0.0039335057,0
1790429503,0.0040214423,0.0040214423,0.0040214423,0.0040214423,0
1790429803,0.0040592541,0.0040592541,0.0040592541,0.0040592541,0
1790430103,0.0041075016,0.0041075016,0.0041075016,0.0041075016,0
1790430403,0.0041612272,0.0041612272,0.0041612272,0.0041612272,0
1790430703,0.0041441674,0.0041441674,0.0041441674,0.0041441674,0
1790431003,0.0040695161,0.0040695161,0.0040695161,0.0040695161,0
1790431303,0.0039698785,0.0039698785,0.0039698785,0.0039698785,0
1790431603,0.004004589,0.004004589,0.004004589,0.004004589,0
1790431903,0.0040306948,0.0040306948,0.0040306948,0.0040306948,0
1790432203,0.0040001231,0.0040001231,0.0040001231,0.0040001231,0
1790432503,0.0039720652,0.0039720652,0.0039720652,0.0039720652,0
1790432803,0.0039861913,0.0039861913,0.0039861913,0.0039861913,0
1790433103,0.0039416927,0.0039416927,0.0039416927,0.0039416927,0
1790433403,0.0039517082,0.0039517082,0.0039517082,0.0039517082,0
1790433703,0.0039428413,0.0039428413,0.0039428413,0.0039428413,0
1790434003,0.0039267616,0.0039267616,0.0039267616,0.0039267616,0
1790434303,0.0040069576,0.0040069576,0.0040069576,0.0040069576,0
1790434603,0.0039989046,0.0039989046,0.0039989046,0.0039989046,0
1790434903,0.0040219367,0.0040219367,0.0040219367,0.0040219367,0
1790435203,0.0040910254,0.0040910254,0.0040910254,0.0040910254,0
1790435503,0.0041120863,0.0041120863,0.0041120863,0.0041120863,0
1790435803,0.0042309086,0.0042309086,0.0042309086,0.0042309086,0
1790436103,0.0043777094,0.0043777094,0.0043777094,0.0043777094,0
1790436403,0.0045028334,0.0045028334,0.0045028334,0.0045028334,0
1790436703,0.004620817,0.004620817,0.004620817,0.004620817,0
1790437003,0.0048253949,0.0048253949,0.0048253949,0.0048253949,0
1790437303,0.0049025099,0.0049025099,0.0049025099,0.0049025099,0
1790437603,0.0050613635,0.0050613635,0.0050613635,0.0050613635,0
1790437903,0.0052338382,0.0052338382,0.0052338382,0.0052338382,0
1790438203,0.005368733,0.005368733,0.005368733,0.005368733,0
1790438503,0.0054664407,0.0054664407,0.0054664407,0.0054664407,0
1790438803,0.0056600587,0.0056600587,0.0056600587,0.0056600587,0
1790439103,0.005807081,0.005807081,0.005807081,0.005807081,0
1790439403,0.0059485097,0.0059485097,0.0059485097,0.0059485097,0
1790439703,0.0060055164,0.0060055164,0.0060055164,0.0060055164,0
1790440003,0.0061297033,0.0061297033,0.0061297033,0.0061297033,0
1790440303,0.006303181,0.006303181,0.006303181,0.006303181,0
1790440603,0.0064401856,0.0064401856,0.0064401856,0.0064401856,0
1790440903,0.0065865693,0.0065865693,0.0065865693,0.0065865693,0
1790441203,0.0067061589,0.0067061589,0.0067061589,0.0067061589,0
1790441503,0.006823996,0.006823996,0.006823996,0.006823996,0
1790441803,0.0068697644,0.0068697644,0.0068697644,0.0068697644,0
1790442103,0.0069090084,0.0069090084,0.0069090084,0.0069090084,0
1790442403,0.0069880683,0.0069880683,0.0069880683,0.0069880683,0
1790442703,0.0069826109,0.0069826109,0.0069826109,0.0069826109,0
1790443003,0.006943672,0.006943672,0.006943672,0.006943672,0
1790443303,0.0069658555,0.0069658555,0.0069658555,0.0069658555,0
1790443603,0.0069341897,0.0069341897,0.0069341897,0.0069341897,0
1790443903,0.0069463668,0.0069463668,0.0069463668,0.0069463668,0
1790444203,0.0069655444,0.0069655444,0.0069655444,0.0069655444,0
1790444503,0.0069123604,0.0069123604,0.0069123604,0.0069123604,0
1790444803,0.00687441,0.00687441,0.00687441,0.00687441,0
1790445103,0.0068253678,0.0068253678,0.0068253678,0.0068253678,0
1790445403,0.006682122,0.006682122,0.006682122,0.006682122,0
1790445703,0.0065790298,0.0065790298,0.0065790298,0.0065790298,0
1790446003,0.0064657386,0.0064657386,0.0064657386,0.0064657386,0
1790446303,0.0063474947,0.0063474947,0.0063474947,0.0063474947,0
1790446603,0.0062942075,0.0062942075,0.0062942075,0.0062942075,0
1790446903,0.0062029501,0.0062029501,0.0062029501,0.0062029501,0
1790447203,0.0061616564,0.0061616564,0.0061616564,0.0061616564,0
1790447503,0.0061259312,0.0061259312,0.0061259312,0.0061259312,0
1790447803,0.0060169967,0.0060169967,0.0060169967,0.0060169967,0
1790448103,0.005964646,0.005964646,0.005964646,0.005964646,0
1790448403,0.0058260204,0.0058260204,0.0058260204,0.0058260204,0
1790448703,0.0057948942,0.0057948942,0.0057948942,0.0057948942,0
1790449003,0.0057497634,0.0057497634,0.0057497634,0.0057497634,0
1790449303,0.0057267318,0.0057267318,0.0057267318,0.0057267318,0
1790449603,0.0056180543,0.0056180543,0.0056180543,0.0056180543,0
1790449903,0.0055537924,0.0055537924,0.0055537924,0.0055537924,0
1790450203,0.0054962211,0.0054962211,0.0054962211,0.0054962211,0
1790450503,0.0054403764,0.0054403764,0.0054403764,0.0054403764,0
1790450803,0.0053755941,0.0053755941,0.0053755941,0.0053755941,0
1790451103,0.0053806503,0.0053806503,0.0053806503,0.0053806503,0
1790451403,0.0053085499,0.0053085499,0.0053085499,0.0053085499,0
1790451703,0.0051165026,0.0051165026,0.0051165026,0.0051165026,0
1790452003,0.0050481313,0.0050481313,0.0050481313,0.0050481313,0
1790452303,0.0049602026,0.0049602026,0.0049602026,0.0049602026,0
1790452603,0.0048749449,0.0048749449,0.0048749449,0.0048749449,0
1790452903,0.0047242841,0.0047242841,0.0047242841,0.0047242841,0
1790453203,0.004594911,0.004594911,0.004594911,0.004594911,0
1790453503,0.0044662341,0.0044662341,0.0044662341,0.0044662341,0
1790453803,0.0042817001,0.0042817001,0.0042817001,0.0042817001,0
1790454103,0.004151122,0.004151122,0.004151122,0.004151122,0
1790454403,0.0039710263,0.0039710263,0.0039710263,0.0039710263,0
1790454703,0.0037741814,0.0037741814,0.0037741814,0.0037741814,0
1790455003,0.00360554,0.00360554,0.00360554,0.00360554,0
1790455303,0.0034456514,0.0034456514,0.0034456514,0.0034456514,0
1790455603,0.0032425763,0.0032425763,0.0032425763,0.0032425763,0
1790455903,0.0030049466,0.0030049466,0.0030049466,0.0030049466,0
1790456203,0.0027733057,0.0027733057,0.0027733057,0.0027733057,0
1790456503,0.0026803161,0.0026803161,0.0026803161,0.0026803161,0
1790456803,0.00249094,0.00249094,0.00249094,0.00249094,0
1790457103,0.0022812205,0.0022812205,0.0022812205,0.0022812205,0
1790457403,0.0021371417,0.0021371417,0.0021371417,0.0021371417,0
1790457703,0.0020866022,0.0020866022,0.0020866022,0.0020866022,0
1790458003,0.0020551884,0.0020551884,0.0020551884,0.0020551884,0
1790458303,0.0021660896,0.0021660896,0.0021660896,0.0021660896,0
1790458603,0.0022512995,0.0022512995,0.0022512995,0.0022512995,0
1790458903,0.0022584162,0.0022584162,0.0022584162,0.0022584162,0
1790459203,0.0021403882,0.0021403882,0.0021403882,0.0021403882,0
1790459503,0.0020489933,0.0020489933,0.0020489933,0.0020489933,0
1790459803,0.0019135757,0.0019135757,0.0019135757,0.0019135757,0
1790460103,0.0017892941,0.0017892941,0.0017892941,0.0017892941,0
1790460403,0.0017889007,0.0017889007,0.0017889007,0.0017889007,0
1790460703,0.001772971,0.001772971,0.001772971,0.001772971,0
1790461003,0.0018220424,0.0018220424,0.0018220424,0.0018220424,0
1790461303,0.0017679279,0.0017679279,0.0017679279,0.0017679279,0
1790461603,0.0017436458,0.0017436458,0.0017436458,0.0017436458,0
1790461903,0.0017240946,0.0017240946,0.0017240946,0.0017240946,0
1790462203,0.0016470883,0.0016470883,0.0016470883,0.0016470883,0
1790462503,0.0016149827,0.0016149827,0.0016149827,0.0016149827,0
1790462803,0.0016076949,0.0016076949,0.0016076949,0.0016076949,0
1790463103,0.0016063088,0.0016063088,0.0016063088,0.0016063088,0
1790463403,0.0016686786,0.0016686786,0.0016686786,0.0016686786,0
1790463703,0.001750805,0.001750805,0.001750805,0.001750805,0
1790464003,0.0018595384,0.0018595384,0.0018595384,0.0018595384,0
1790464303,0.0020040126,0.0020040126,0.0020040126,0.0020040126,0
1790464603,0.0021109969,0.0021109969,0.0021109969,0.0021109969,0
1790464903,0.0021968192,0.0021968192,0.0021968192,0.0021968192,0
1790465203,0.002406431,0.002406431,0.002406431,0.002406431,0
1790465503,0.0025138388,0.0025138388,0.0025138388,0.0025138388,0
1790465803,0.0026786261,0.0026786261,0.0026786261,0.0026786261,0
1790466103,0.0027671255,0.0027671255,0.0027671255,0.0027671255,0
1790466403,0.0028959692,0.0028959692,0.0028959692,0.0028959692,0
1790466703,0.0029797973,0.0029797973,0.0029797973,0.0029797973,0
1790467003,0.003049198,0.003049198,0.003049198,0.003049198,0
1790467303,0.0029985111,0.0029985111,0.0029985111,0.0029985111,0
1790467603,0.0030089291,0.0030089291,0.0030089291,0.0030089291,0
1790467903,0.0030656822,0.0030656822,0.0030656822,0.0030656822,0
1790468203,0.0031884066,0.0031884066,0.0031884066,0.0031884066,0
1790468503,0.0032728017,0.0032728017,0.0032728017,0.0032728017,0
1790468803,0.0033670227,0.0033670227,0.0033670227,0.0033670227,0
1790469103,0.0033937138,0.0033937138,0.0033937138,0.0033937138,0
1790469403,0.0035450866,0.0035450866,0.0035450866,0.0035450866,0
1790469703,0.0036721214,0.0036721214,0.0036721214,0.0036721214,0
1790470003,0.0038120779,0.0038120779,0.0038120779,0.0038120779,0
1790470303,0.0039228949,0.0039228949,0.0039228949,0.0039228949,0
1790470603,0.0040349019,0.0040349019,0.0040349019,0.0040349019,0
1790470903,0.0042246096,0.0042246096,0.0042246096,0.0042246096,0
1790471203,0.0043765662,0.0043765662,0.0043765662,0.0043765662,0
1790471503,0.0044062146,0.0044062146,0.0044062146,0.0044062146,0
1790471803,0.0045413394,0.0045413394,0.0045413394,0.0045413394,0
1790472103,0.0046856807,0.0046856807,0.0046856807,0.0046856807,0
1790472403,0.0047212293,0.0047212293,0.0047212293,0.0047212293,0
1790472703,0.0047999318,0.0047999318,0.0047999318,0.0047999318,0
1790473003,0.0050143863,0.0050143863,0.0050143863,0.0050143863,0
1790473303,0.005215521,0.005215521,0.005215521,0.005215521,0
1790473603,0.0055838282,0.0055838282,0.0055838282,0.0055838282,0
1790473903,0.0057183689,0.0057183689,0.0057183689,0.0057183689,0
1790474203,0.005966958,0.005966958,0.005966958,0.005966958,0
1790474503,0.0061980622,0.0061980622,0.0061980622,0.0061980622,0
1790474803,0.0062719339,0.0062719339,0.0062719339,0.0062719339,0
1790475103,0.0064675727,0.0064675727,0.0064675727,0.0064675727,0
1790475403,0.006656596,0.006656596,0.006656596,0.006656596,0
1790475703,0.0068298782,0.0068298782,0.0068298782,0.0068298782,0
1790476003,0.006948951,0.006948951,0.006948951,0.006948951,0
1790476303,0.0071464259,0.0071464259,0.0071464259,0.0071464259,0
1790476603,0.0073117666,0.0073117666,0.0073117666,0.0073117666,0
1790476903,0.0074373981,0.0074373981,0.0074373981,0.0074373981,0
1790477203,0.007627912,0.007627912,0.007627912,0.007627912,0
1790477503,0.0078388967,0.0078388967,0.0078388967,0.0078388967,0
1790477803,0.0080335799,0.0080335799,0.0080335799,0.0080335799,0
1790478103,0.0081742114,0.0081742114,0.0081742114,0.0081742114,0
1790478403,0.0083756348,0.0083756348,0.0083756348,0.0083756348,0
1790478703,0.0086016767,0.0086016767,0.0086016767,0.0086016767,0
1790479003,0.0087646825,0.0087646825,0.0087646825,0.0087646825,0
1790479303,0.0089111552,0.0089111552,0.0089111552,0.0089111552,0
1790479603,0.0089301518,0.0089301518,0.0089301518,0.0089301518,0
1790479903,0.0089989158,0.0089989158,0.0089989158,0.0089989158,0
1790480203,0.0091908994,0.0091908994,0.0091908994,0.0091908994,0
1790480503,0.0093398994,0.0093398994,0.0093398994,0.0093398994,0
1790480803,0.0094752235,0.0094752235,0.0094752235,0.0094752235,0
1790481103,0.00954971,0.00954971,0.00954971,0.00954971,0
1790481403,0.009643658,0.009643658,0.009643658,0.009643658,0
1790481703,0.0097521979,0.0097521979,0.0097521979,0.0097521979,0
1790482003,0.0098573025,0.0098573025,0.0098573025,0.0098573025,0
1790482303,0.0099372206,0.0099372206,0.0099372206,0.0099372206,0
1790482603,0.009975943,0.009975943,0.009975943,0.009975943,0
1790482903,0.01,0.01,0.01,0.01,0
1790483203,0.01,0.01,0.01,0.01,0
1790483503,0.01,0.01,0.01,0.01,0
1790483803,0.01,0.01,0.01,0.01,0
1790484103,0.01,0.01,0.01,0.01,0
1790484403,0.01,0.01,0.01,0.01,0
1790484703,0.01,0.01,0.01,0.01,0
1790485003,0.01,0.01,0.01,0.01,0
1790485303,0.01,0.01,0.01,0.01,0
1790485603,0.01,0.01,0.01,0.01,0
1790485903,0.01,0.01,0.01,0.01,0
1790486203,0.01,0.01,0.01,0.01,0
1790486503,0.01,0.01,0.01,0.01,0
1790486803,0.01,0.01,0.01,0.01,0
1790487103,0.01,0.01,0.01,0.01,0
1790487403,0.01,0.01,0.01,0.01,0
1790487703,0.01,0.01,0.01,0.01,0
1790488003,0.01,0.01,0.01,0.01,0
1790488303,0.01,0.01,0.01,0.01,0
1790488603,0.0099523206,0.0099523206,0.0099523206,0.0099523206,0
1790488903,0.01,0.01,0.01,0.01,0
1790489203,0.01,0.01,0.01,0.01,0
1790489503,0.01,0.01,0.01,0.01,0
1790489803,0.01,0.01,0.01,0.01,0
1790490103,0.01,0.01,0.01,0.01,0
1790490403,0.01,0.01,0.01,0.01,0
1790490703,0.01,0.01,0.01,0.01,0
1790491003,0.01,0.01,0.01,0.01,0
1790491303,0.01,0.01,0.01,0.01,0
1790491603,0.01,0.01,0.01,0.01,0
1790491903,0.01,0.01,0.01,0.01,0
1790492203,0.01,0.01,0.01,0.01,0
1790492503,0.01,0.01,0.01,0.01,0
1790492803,0.01,0.01,0.01,0.01,0
1790493103,0.01,0.01,0.01,0.01,0
1790493403,0.01,0.01,0.01,0.01,0
1790493703,0.01,0.01,0.01,0.01,0
1790494003,0.01,0.01,0.01,0.01,0
1790494303,0.01,0.01,0.01,0.01,0
1790494603,0.01,0.01,0.01,0.01,0
1790494903,0.01,0.01,0.01,0.01,0
1790495203,0.01,0.01,0.01,0.01,0
1790495503,0.01,0.01,0.01,0.01,0
1790495803,0.0099909901,0.0099909901,0.0099909901,0.0099909901,0
1790496103,0.0099149988,0.0099149988,0.0099149988,0.0099149988,0
1790496403,0.0097412389,0.0097412389,0.0097412389,0.0097412389,0
1790496703,0.0096499183,0.0096499183,0.0096499183,0.0096499183,0
1790497003,0.0095966446,0.0095966446,0.0095966446,0.0095966446,0
1790497303,0.0096335307,0.0096335307,0.0096335307,0.0096335307,0
1790497603,0.0095420482,0.0095420482,0.0095420482,0.0095420482,0
1790497903,0.00945776,0.00945776,0.00945776,0.00945776,0
1790498203,0.0093373107,0.0093373107,0.0093373107,0.0093373107,0
1790498503,0.009272016,0.009272016,0.009272016,0.009272016,0
1790498803,0.0092354537,0.0092354537,0.0092354537,0.0092354537,0
1790499103,0.0092764808,0.0092764808,0.0092764808,0.0092764808,0
1790499403,0.009278131,0.009278131,0.009278131,0.009278131,0
1790499703,0.0092910266,0.0092910266,0.0092910266,0.0092910266,0
1790500003,0.0092853869,0.0092853869,0.0092853869,0.0092853869,0
1790500303,0.0092929867,0.0092929867,0.0092929867,0.0092929867,0
1790500603,0.0093134141,0.0093134141,0.0093134141,0.0093134141,0
1790500903,0.0092476893,0.0092476893,0.0092476893,0.0092476893,0
1790501203,0.0093215392,0.0093215392,0.0093215392,0.0093215392,0
1790501503,0.0092915533,0.0092915533,0.0092915533,0.0092915533,0
1790501803,0.0092397927,0.0092397927,0.0092397927,0.0092397927,0
1790502103,0.009238921,0.009238921,0.009238921,0.009238921,0
1790502403,0.0092879045,0.0092879045,0.0092879045,0.0092879045,0
1790502703,0.0093587886,0.0093587886,0.0093587886,0.0093587886,0
1790503003,0.0094145999,0.0094145999,0.0094145999,0.0094145999,0
1790503303,0.0094759757,0.0094759757,0.0094759757,0.0094759757,0
1790503603,0.009519431,0.009519431,0.009519431,0.009519431,0
1790503903,0.0095914009,0.0095914009,0.0095914009,0.0095914009,0
1790504203,0.0097069176,0.0097069176,0.0097069176,0.0097069176,0
1790504503,0.0097355591,0.0097355591,0.0097355591,0.0097355591,0
1790504803,0.009754677,0.009754677,0.009754677,0.009754677,0
1790505103,0.0097797204,0.0097797204,0.0097797204,0.0097797204,0
1790505403,0.0098755393,0.0098755393,0.0098755393,0.0098755393,0
1790505703,0.0099974283,0.0099974283,0.0099974283,0.0099974283,0
1790506003,0.01,0.01,0.01,0.01,0
1790506303,0.01,0.01,0.01,0.01,0
1790506603,0.01,0.01,0.01,0.01,0
1790506903,0.01,0.01,0.01,0.01,0
1790507203,0.01,0.01,0.01,0.01,0
1790507503,0.01,0.01,0.01,0.01,0
1790507803,0.01,0.01,0.01,0.01,0
1790508103,0.01,0.01,0.01,0.01,0
1790508403,0.01,0.01,0.01,0.01,0
1790508703,0.01,0.01,0.01,0.01,0
1790509003,0.01,0.01,0.01,0.01,0
1790509303,0.01,0.01,0.01,0.01,0
1790509603,0.01,0.01,0.01,0.01,0
1790509903,0.01,0.01,0.01,0.01,0
1790510203,0.01,0.01,0.01,0.01,0
1790510503,0.01,0.01,0.01,0.01,0
1790510803,0.01,0.01,0.01,0.01,0
1790511103,0.01,0.01,0.01,0.01,0
1790511403,0.01,0.01,0.01,0.01,0
1790511703,0.01,0.01,0.01,0.01,0
1790512003,0.01,0.01,0.01,0.01,0
1790512303,0.01,0.01,0.01,0.01,0
1790512603,0.01,0.01,0.01,0.01,0
1790512903,0.01,0.01,0.01,0.01,0
1790513203,0.01,0.01,0.01,0.01,0
1790513503,0.01,0.01,0.01,0.01,0
1790513803,0.01,0.01,0.01,0.01,0
1790514103,0.01,0.01,0.01,0.01,0
1790514403,0.01,0.01,0.01,0.01,0
1790514703,0.01,0.01,0.01,0.01,0
1790515003,0.01,0.01,0.01,0.01,0
1790515303,0.01,0.01,0.01,0.01,0
1790515603,0.01,0.01,0.01,0.01,0
1790515903,0.01,0.01,0.01,0.01,0
1790516203,0.01,0.01,0.01,0.01,0
1790516503,0.01,0.01,0.01,0.01,0
1790516803,0.01,0.01,0.01,0.01,0
1790517103,0.01,0.01,0.01,0.01,0
1790517403,0.01,0.01,0.01,0.01,0
1790517703,0.0099671367,0.0099671367,0.0099671367,0.0099671367,0
1790518003,0.0099412525,0.0099412525,0.0099412525,0.0099412525,0
1790518303,0.0097736688,0.0097736688,0.0097736688,0.0097736688,0
1790518603,0.0096694419,0.0096694419,0.0096694419,0.0096694419,0
1790518903,0.0096000132,0.0096000132,0.0096000132,0.0096000132,0
1790519203,0.0094344331,0.0094344331,0.0094344331,0.0094344331,0
1790519503,0.0092779481,0.0092779481,0.0092779481,0.0092779481,0
1790519803,0.0090838684,0.0090838684,0.0090838684,0.0090838684,0
1790520103,0.0088677872,0.0088677872,0.0088677872,0.0088677872,0
1790520403,0.0086262705,0.0086262705,0.0086262705,0.0086262705,0
1790520703,0.0083910894,0.0083910894,0.0083910894,0.0083910894,0
1790521003,0.0080770178,0.0080770178,0.0080770178,0.0080770178,0
1790521303,0.0077939135,0.0077939135,0.0077939135,0.0077939135,0
1790521603,0.0075776803,0.0075776803,0.0075776803,0.0075776803,0
1790521903,0.0073078668,0.0073078668,0.0073078668,0.0073078668,0
1790522203,0.007026273,0.007026273,0.007026273,0.007026273,0
1790522503,0.0067974932,0.0067974932,0.0067974932,0.0067974932,0
1790522803,0.0065674141,0.0065674141,0.0065674141,0.0065674141,0
1790523103,0.0062166215,0.0062166215,0.0062166215,0.0062166215,0
1790523403,0.0059201744,0.0059201744,0.0059201744,0.0059201744,0
1790523703,0.0056396264,0.0056396264,0.0056396264,0.0056396264,0
1790524003,0.0054608235,0.0054608235,0.0054608235,0.0054608235,0
1790524303,0.0052114781,0.0052114781,0.0052114781,0.0052114781,0
1790524603,0.0049982529,0.0049982529,0.0049982529,0.0049982529,0
1790524903,0.0047937004,0.0047937004,0.0047937004,0.0047937004,0
1790525203,0.00471751,0.00471751,0.00471751,0.00471751,0
1790525503,0.0045682571,0.0045682571,0.0045682571,0.0045682571,0
1790525803,0.00446016,0.00446016,0.00446016,0.00446016,0
1790526103,0.0044116102,0.0044116102,0.0044116102,0.0044116102,0
1790526403,0.0043329724,0.0043329724,0.0043329724,0.0043329724,0
1790526703,0.0042408868,0.0042408868,0.0042408868,0.0042408868,0
1790527003,0.0040818742,0.0040818742,0.0040818742,0.0040818742,0
1790527303,0.004048791,0.004048791,0.004048791,0.004048791,0
1790527603,0.0040109518,0.0040109518,0.0040109518,0.0040109518,0
1790527903,0.0040234556,0.0040234556,0.0040234556,0.0040234556,0
1790528203,0.004096355,0.004096355,0.004096355,0.004096355,0
1790528503,0.0041238377,0.0041238377,0.0041238377,0.0041238377,0
1790528803,0.0040448889,0.0040448889,0.0040448889,0.0040448889,0
1790529103,0.0040224548,0.0040224548,0.0040224548,0.0040224548,0
1790529403,0.0040174067,0.0040174067,0.0040174067,0.0040174067,0
1790529703,0.004047181,0.004047181,0.004047181,0.004047181,0
1790530003,0.0040636715,0.0040636715,0.0040636715,0.0040636715,0
1790530303,0.0039637595,0.0039637595,0.0039637595,0.0039637595,0
1790530603,0.0038079674,0.0038079674,0.0038079674,0.0038079674,0
1790530903,0.0037302186,0.0037302186,0.0037302186,0.0037302186,0
1790531203,0.0036243632,0.0036243632,0.0036243632,0.0036243632,0
1790531503,0.0036437435,0.0036437435,0.0036437435,0.0036437435,0
1790531803,0.003577947,0.003577947,0.003577947,0.003577947,0
1790532103,0.0035359814,0.0035359814,0.0035359814,0.0035359814,0
1790532403,0.0034456304,0.0034456304,0.0034456304,0.0034456304,0
1790532703,0.0032724834,0.0032724834,0.0032724834,0.0032724834,0
1790533003,0.0031432032,0.0031432032,0.0031432032,0.0031432032,0
1790533303,0.0030619224,0.0030619224,0.0030619224,0.0030619224,0
1790533603,0.0030228659,0.0030228659,0.0030228659,0.0030228659,0
1790533903,0.0029894082,0.0029894082,0.0029894082,0.0029894082,0
1790534203,0.0029828266,0.0029828266,0.0029828266,0.0029828266,0
1790534503,0.0029538145,0.0029538145,0.0029538145,0.0029538145,0
1790534803,0.0029991669,0.0029991669,0.0029991669,0.0029991669,0
1790535103,0.0029689448,0.0029689448,0.0029689448,0.0029689448,0
1790535403,0.0029543442,0.0029543442,0.0029543442,0.0029543442,0
1790535703,0.0030154964,0.0030154964,0.0030154964,0.0030154964,0
1790536003,0.0030287498,0.0030287498,0.0030287498,0.0030287498,0
1790536303,0.0029415264,0.0029415264,0.0029415264,0.0029415264,0
1790536603,0.0029685732,0.0029685732,0.0029685732,0.0029685732,0
1790536903,0.0030600618,0.0030600618,0.0030600618,0.0030600618,0
1790537203,0.0031884237,0.0031884237,0.0031884237,0.0031884237,0
1790537503,0.0031527166,0.0031527166,0.0031527166,0.0031527166,0
1790537803,0.003182264,0.003182264,0.003182264,0.003182264,0
1790538103,0.0031881396,0.0031881396,0.0031881396,0.0031881396,0
1790538403,0.0032687955,0.0032687955,0.0032687955,0.0032687955,0
1790538703,0.0033490006,0.0033490006,0.0033490006,0.0033490006,0
1790539003,0.003317752,0.003317752,0.003317752,0.003317752,0
1790539303,0.0032876557,0.0032876557,0.0032876557,0.0032876557,0
1790539603,0.0032114733,0.0032114733,0.0032114733,0.0032114733,0
1790539903,0.0031622483,0.0031622483,0.0031622483,0.0031622483,0
1790540203,0.0031463195,0.0031463195,0.0031463195,0.0031463195,0
1790540503,0.003148141,0.003148141,0.003148141,0.003148141,0
1790540803,0.0031754569,0.0031754569,0.0031754569,0.0031754569,0
1790541103,0.003131655,0.003131655,0.003131655,0.003131655,0
1790541403,0.0030787185,0.0030787185,0.0030787185,0.0030787185,0
1790541703,0.0030787463,0.0030787463,0.0030787463,0.0030787463,0
1790542003,0.0030531327,0.0030531327,0.0030531327,0.0030531327,0
1790542303,0.0031248274,0.0031248274,0.0031248274,0.0031248274,0
1790542603,0.0031618751,0.0031618751,0.0031618751,0.0031618751,0
1790542903,0.0031570271,0.0031570271,0.0031570271,0.0031570271,0
1790543203,0.0031041507,0.0031041507,0.0031041507,0.0031041507,0
1790543503,0.0031257021,0.0031257021,0.0031257021,0.0031257021,0
1790543803,0.0032077776,0.0032077776,0.0032077776,0.0032077776,0
1790544103,0.0032644317,0.0032644317,0.0032644317,0.0032644317,0
1790544403,0.0032470565,0.0032470565,0.0032470565,0.0032470565,0
1790544703,0.0032748384,0.0032748384,0.0032748384,0.0032748384,0
1790545003,0.0032672513,0.0032672513,0.0032672513,0.0032672513,0
1790545303,0.0031327718,0.0031327718,0.0031327718,0.0031327718,0
1790545603,0.0030735746,0.0030735746,0.0030735746,0.0030735746,0
1790545903,0.0031252928,0.0031252928,0.0031252928,0.0031252928,0
1790546203,0.003100982,0.003100982,0.003100982,0.003100982,0
1790546503,0.0030685691,0.0030685691,0.0030685691,0.0030685691,0
1790546803,0.0028329268,0.0028329268,0.0028329268,0.0028329268,0
1790547103,0.0027650805,0.0027650805,0.0027650805,0.0027650805,0
1790547403,0.0026287406,0.0026287406,0.0026287406,0.0026287406,0
1790547703,0.0025900202,0.0025900202,0.0025900202,0.0025900202,0
1790548003,0.002679789,0.002679789,0.002679789,0.002679789,0
1790548303,0.0027699152,0.0027699152,0.0027699152,0.0027699152,0
1790548603,0.002645567,0.002645567,0.002645567,0.002645567,0
1790548903,0.0025294882,0.0025294882,0.0025294882,0.0025294882,0
1790549203,0.0023554575,0.0023554575,0.0023554575,0.0023554575,0
1790549503,0.0022627204,0.0022627204,0.0022627204,0.0022627204,0
1790549803,0.0022091366,0.0022091366,0.0022091366,0.0022091366,0
1790550103,0.002098214,0.002098214,0.002098214,0.002098214,0
1790550403,0.0020763659,0.0020763659,0.0020763659,0.0020763659,0
1790550703,0.0019486098,0.0019486098,0.0019486098,0.0019486098,0
1790551003,0.0018175799,0.0018175799,0.0018175799,0.0018175799,0
1790551303,0.0017881631,0.0017881631,0.0017881631,0.0017881631,0
1790551603,0.001686086,0.001686086,0.001686086,0.001686086,0
1790551903,0.0016606468,0.0016606468,0.0016606468,0.0016606468,0
1790552203,0.0015571411,0.0015571411,0.0015571411,0.0015571411,0
1790552503,0.0016601227,0.0016601227,0.0016601227,0.0016601227,0
1790552803,0.0016236167,0.0016236167,0.0016236167,0.0016236167,0
1790553103,0.0015713846,0.0015713846,0.0015713846,0.0015713846,0
1790553403,0.0015676886,0.0015676886,0.0015676886,0.0015676886,0
1790553703,0.0015636335,0.0015636335,0.0015636335,0.0015636335,0
1790554003,0.0016300755,0.0016300755,0.0016300755,0.0016300755,0
1790554303,0.0016619916,0.0016619916,0.0016619916,0.0016619916,0
1790554603,0.0016833459,0.0016833459,0.0016833459,0.0016833459,0
1790554903,0.0017710296,0.0017710296,0.0017710296,0.0017710296,0
1790555203,0.0019745898,0.0019745898,0.0019745898,0.0019745898,0
1790555503,0.0019879918,0.0019879918,0.0019879918,0.0019879918,0
1790555803,0.0018465211,0.0018465211,0.0018465211,0.0018465211,0
1790556103,0.0016648953,0.0016648953,0.0016648953,0.0016648953,0
1790556403,0.0015324876,0.0015324876,0.0015324876,0.0015324876,0
1790556703,0.0015603829,0.0015603829,0.0015603829,0.0015603829,0
1790557003,0.0014659647,0.0014659647,0.0014659647,0.0014659647,0
1790557303,0.0012694859,0.0012694859,0.0012694859,0.0012694859,0
1790557603,0.0010697815,0.0010697815,0.0010697815,0.0010697815,0
1790557903,0.0009013422,0.0009013422,0.0009013422,0.0009013422,0
1790558203,0.0007315398,0.0007315398,0.0007315398,0.0007315398,0
1790558503,0.0005951448,0.0005951448,0.0005951448,0.0005951448,0
1790558803,0.0005796068,0.0005796068,0.0005796068,0.0005796068,0
1790559103,0.0006039508,0.0006039508,0.0006039508,0.0006039508,0
1790559403,0.0005952333,0.0005952333,0.0005952333,0.0005952333,0
1790559703,0.0005873456,0.0005873456,0.0005873456,0.0005873456,0
1790560003,0.0004356186,0.0004356186,0.0004356186,0.0004356186,0
1790560303,0.0001517699,0.0001517699,0.0001517699,0.0001517699,0
1790560603,-0.0000708691,-0.0000708691,-0.0000708691,-0.0000708691,0
1790560903,-0.0001951403,-0.0001951403,-0.0001951403,-0.0001951403,0
1790561203,-0.0002796394,-0.0002796394,-0.0002796394,-0.0002796394,0
1790561503,-0.0003685196,-0.0003685196,-0.0003685196,-0.0003685196,0
1790561803,-0.0003727698,-0.0003727698,-0.0003727698,-0.0003727698,0
1790562103,-0.0004257936,-0.0004257936,-0.0004257936,-0.0004257936,0
1790562403,-0.0005034861,-0.0005034861,-0.0005034861,-0.0005034861,0
1790562703,-0.0005801147,-0.0005801147,-0.0005801147,-0.0005801147,0
1790563003,-0.0007558619,-0.0007558619,-0.0007558619,-0.0007558619,0
1790563303,-0.0009375751,-0.0009375751,-0.0009375751,-0.0009375751,0
1790563603,-0.0010719507,-0.0010719507,-0.0010719507,-0.0010719507,0
1790563903,-0.0012747499,-0.0012747499,-0.0012747499,-0.0012747499,0
1790564203,-0.001341921,-0.001341921,-0.001341921,-0.001341921,0
1790564503,-0.0014992086,-0.0014992086,-0.0014992086,-0.0014992086,0
1790564803,-0.0015278025,-0.0015278025,-0.0015278025,-0.0015278025,0
1790565103,-0.001550391,-0.001550391,-0.001550391,-0.001550391,0
1790565403,-0.0016463707,-0.0016463707,-0.0016463707,-0.0016463707,0
1790565703,-0.0016943122,-0.0016943122,-0.0016943122,-0.0016943122,0
1790566003,-0.0019051596,-0.0019051596,-0.0019051596,-0.0019051596,0
1790566303,-0.0021633433,-0.0021633433,-0.0021633433,-0.0021633433,0
1790566603,-0.0024121713,-0.0024121713,-0.0024121713,-0.0024121713,0
1790566903,-0.002462077,-0.002462077,-0.002462077,-0.002462077,0
1790567203,-0.0024846527,-0.0024846527,-0.0024846527,-0.0024846527,0
1790567503,-0.0025371937,-0.0025371937,-0.0025371937,-0.0025371937,0
1790567803,-0.0025339857,-0.0025339857,-0.0025339857,-0.0025339857,0
1790568103,-0.0025878327,-0.0025878327,-0.0025878327,-0.0025878327,0
1790568403,-0.0027200413,-0.0027200413,-0.0027200413,-0.0027200413,0
1790568703,-0.0027847201,-0.0027847201,-0.0027847201,-0.0027847201,0
1790569003,-0.0027592608,-0.0027592608,-0.0027592608,-0.0027592608,0
1790569303,-0.0025574682,-0.0025574682,-0.0025574682,-0.0025574682,0
1790569603,-0.0024209459,-0.0024209459,-0.0024209459,-0.0024209459,0
1790569903,-0.0024844056,-0.0024844056,-0.0024844056,-0.0024844056,0
1790570203,-0.0024783476,-0.0024783476,-0.0024783476,-0.0024783476,0
1790570503,-0.0023546879,-0.0023546879,-0.0023546879,-0.0023546879,0
1790570803,-0.0021823744,-0.0021823744,-0.0021823744,-0.0021823744,0
1790571103,-0.0021123644,-0.0021123644,-0.0021123644,-0.0021123644,0
1790571403,-0.0020282224,-0.0020282224,-0.0020282224,-0.0020282224,0
1790571703,-0.0018657823,-0.0018657823,-0.0018657823,-0.0018657823,0
1790572003,-0.0018542962,-0.0018542962,-0.0018542962,-0.0018542962,0
1790572303,-0.001878901,-0.001878901,-0.001878901,-0.001878901,0
1790572603,-0.0019492706,-0.0019492706,-0.0019492706,-0.0019492706,0
1790572903,-0.0020491098,-0.0020491098,-0.0020491098,-0.0020491098,0
1790573203,-0.0021631049,-0.0021631049,-0.0021631049,-0.0021631049,0
1790573503,-0.0022294102,-0.0022294102,-0.0022294102,-0.0022294102,0
1790573803,-0.0023539798,-0.0023539798,-0.0023539798,-0.0023539798,0
1790574103,-0.0024929831,-0.0024929831,-0.0024929831,-0.0024929831,0
1790574403,-0.0023487654,-0.0023487654,-0.0023487654,-0.0023487654,0
1790574703,-0.0021658736,-0.0021658736,-0.0021658736,-0.0021658736,0
1790575003,-0.0022151455,-0.0022151455,-0.0022151455,-0.0022151455,0
1790575303,-0.0022647714,-0.0022647714,-0.0022647714,-0.0022647714,0
1790575603,-0.0022246423,-0.0022246423,-0.0022246423,-0.0022246423,0
1790575903,-0.0020236358,-0.0020236358,-0.0020236358,-0.0020236358,0
1790576203,-0.0018145842,-0.0018145842,-0.0018145842,-0.0018145842,0
1790576503,-0.0017912578,-0.0017912578,-0.0017912578,-0.0017912578,0
1790576803,-0.0019100953,-0.0019100953,-0.0019100953,-0.0019100953,0
1790577103,-0.0020542288,-0.0020542288,-0.0020542288,-0.0020542288,0
1790577403,-0.0022341864,-0.0022341864,-0.0022341864,-0.0022341864,0
1790577703,-0.0023807176,-0.0023807176,-0.0023807176,-0.0023807176,0
1790578003,-0.0024146434,-0.0024146434,-0.0024146434,-0.0024146434,0
1790578303,-0.0024710282,-0.0024710282,-0.0024710282,-0.0024710282,0
1790578603,-0.0025945398,-0.0025945398,-0.0025945398,-0.0025945398,0
1790578903,-0.0026228016,-0.0026228016,-0.0026228016,-0.0026228016,0
1790579203,-0.0025887986,-0.0025887986,-0.0025887986,-0.0025887986,0
1790579503,-0.0026304191,-0.0026304191,-0.0026304191,-0.0026304191,0
1790579803,-0.0027383624,-0.0027383624,-0.0027383624,-0.0027383624,0
1790580103,-0.0027556158,-0.0027556158,-0.0027556158,-0.0027556158,0
1790580403,-0.0029869725,-0.0029869725,-0.0029869725,-0.0029869725,0
1790580703,-0.0031729557,-0.0031729557,-0.0031729557,-0.0031729557,0
1790581003,-0.0034187227,-0.0034187227,-0.0034187227,-0.0034187227,0
1790581303,-0.0034808591,-0.0034808591,-0.0034808591,-0.0034808591,0
1790581603,-0.0036083517,-0.0036083517,-0.0036083517,-0.0036083517,0
1790581903,-0.0036688873,-0.0036688873,-0.0036688873,-0.0036688873,0
1790582203,-0.0037988977,-0.0037988977,-0.0037988977,-0.0037988977,0
1790582503,-0.0039256623,-0.0039256623,-0.0039256623,-0.0039256623,0
1790582803,-0.0040144015,-0.0040144015,-0.0040144015,-0.0040144015,0
1790583103,-0.0042669967,-0.0042669967,-0.0042669967,-0.0042669967,0
1790583403,-0.0044951552,-0.0044951552,-0.0044951552,-0.0044951552,0
1790583703,-0.0046652759,-0.0046652759,-0.0046652759,-0.0046652759,0
1790584003,-0.0049257799,-0.0049257799,-0.0049257799,-0.0049257799,0
1790584303,-0.0050903255,-0.0050903255,-0.0050903255,-0.0050903255,0
1790584603,-0.0051149757,-0.0051149757,-0.0051149757,-0.0051149757,0
1790584903,-0.0052013475,-0.0052013475,-0.0052013475,-0.0052013475,0
1790585203,-0.0053332202,-0.0053332202,-0.0053332202,-0.0053332202,0
1790585503,-0.005465233,-0.005465233,-0.005465233,-0.005465233,0
1790585803,-0.0055356887,-0.0055356887,-0.0055356887,-0.0055356887,0
1790586103,-0.0056513551,-0.0056513551,-0.0056513551,-0.0056513551,0
1790586403,-0.0059008461,-0.0059008461,-0.0059008461,-0.0059008461,0
1790586703,-0.0061296583,-0.0061296583,-0.0061296583,-0.0061296583,0
1790587003,-0.0063379446,-0.0063379446,-0.0063379446,-0.0063379446,0
1790587303,-0.0063078757,-0.0063078757,-0.0063078757,-0.0063078757,0
1790587603,-0.0062272415,-0.0062272415,-0.0062272415,-0.0062272415,0
1790587903,-0.0062039799,-0.0062039799,-0.0062039799,-0.0062039799,0
1790588203,-0.0062394771,-0.0062394771,-0.0062394771,-0.0062394771,0
1790588503,-0.0062804321,-0.0062804321,-0.0062804321,-0.0062804321,0
1790588803,-0.0063235238,-0.0063235238,-0.0063235238,-0.0063235238,0
1790589103,-0.0063384024,-0.0063384024,-0.0063384024,-0.0063384024,0
1790589403,-0.0063588394,-0.0063588394,-0.0063588394,-0.0063588394,0
1790589703,-0.0063780991,-0.0063780991,-0.0063780991,-0.0063780991,0
1790590003,-0.0061963034,-0.0061963034,-0.0061963034,-0.0061963034,0
1790590303,-0.0060137206,-0.0060137206,-0.0060137206,-0.0060137206,0
1790590603,-0.0058900747,-0.0058900747,-0.0058900747,-0.0058900747,0
1790590903,-0.0058238642,-0.0058238642,-0.0058238642,-0.0058238642,0
1790591203,-0.0057482492,-0.0057482492,-0.0057482492,-0.0057482492,0
1790591503,-0.0055567655,-0.0055567655,-0.0055567655,-0.0055567655,0
1790591803,-0.0053891032,-0.0053891032,-0.0053891032,-0.0053891032,0
1790592103,-0.0051297878,-0.0051297878,-0.0051297878,-0.0051297878,0
1790592403,-0.0048778686,-0.0048778686,-0.0048778686,-0.0048778686,0
1790592703,-0.0046653573,-0.0046653573,-0.0046653573,-0.0046653573,0
1790593003,-0.0045283694,-0.0045283694,-0.0045283694,-0.0045283694,0
1790593303,-0.0043897702,-0.0043897702,-0.0043897702,-0.0043897702,0
1790593603,-0.0042427317,-0.0042427317,-0.0042427317,-0.0042427317,0
1790593903,-0.0040841609,-0.0040841609,-0.0040841609,-0.0040841609,0
1790594203,-0.0040255294,-0.0040255294,-0.0040255294,-0.0040255294,0
1790594503,-0.0039409248,-0.0039409248,-0.0039409248,-0.0039409248,0
1790594803,-0.0038290222,-0.0038290222,-0.0038290222,-0.0038290222,0
1790595103,-0.0037054519,-0.0037054519,-0.0037054519,-0.0037054519,0
1790595403,-0.0035331106,-0.0035331106,-0.0035331106,-0.0035331106,0
1790595703,-0.0033510208,-0.0033510208,-0.0033510208,-0.0033510208,0
1790596003,-0.0031008032,-0.0031008032,-0.0031008032,-0.0031008032,0
1790596303,-0.0028813229,-0.0028813229,-0.0028813229,-0.0028813229,0
1790596603,-0.0026696058,-0.0026696058,-0.0026696058,-0.0026696058,0
1790596903,-0.0024569427,-0.0024569427,-0.0024569427,-0.0024569427,0
1790597203,-0.002259456,-0.002259456,-0.002259456,-0.002259456,0
1790597503,-0.0017942017,-0.0017942017,-0.0017942017,-0.0017942017,0
1790597803,-0.0013763283,-0.0013763283,-0.0013763283,-0.0013763283,0
1790598103,-0.0010528822,-0.0010528822,-0.0010528822,-0.0010528822,0
1790598403,-0.0007420289,-0.0007420289,-0.0007420289,-0.0007420289,0
1790598703,-0.0005103553,-0.0005103553,-0.0005103553,-0.0005103553,0
1790599003,-0.000250811,-0.000250811,-0.000250811,-0.000250811,0
1790599303,0.0000357985,0.0000357985,0.0000357985,0.0000357985,0
1790599603,0.0003281919,0.0003281919,0.0003281919,0.0003281919,0
